review,rating
I love this game cause it's the best and you get prizes it's the funniest game and if you don't have wifi u can still play get it now.,5
it is what it is,3
one of the best,1
it is a very excellent game,5
"Game is crashing in b/w loading ads or in during game insanely , please fix this issue ASAP!!?",3
"I love the game but I made it to 71,586 score witch is way higher than the normal one.",4
"The game is good, I don't mind the optional ads at all. BUT the new update ads CANNOT be closed for some reason. I think that the large size of the ad hides the X button, leaving you with no choice but to restart the game. Which SUCKS when you're in the middle of a high-scoring run. I hope this gets fixed sooner because this would be really irritating if you don't have anymore keys.",1
good to play whenni have no internet,5
i like this game 🎮 because this app is updated and I mostly like the 'soda rush' level. love from India 🇮🇳,5
If it wasn't for the stupid google play tournament I would never play this ad infested garbage... Uninstalling once it's over PRONTO,1
nice game and amazing,5
"wow.....very nice game ,next level fantasy",5
this game is epic,5
Very nice game. Recommend To Play,5
there are new levels I love to play this game I never bored while playing this game you can try this game there are many new levels like easterland Osaka Paris New York many more you can try this game you are not board while playing this game,5
I love subway surfers,5
Nice game 🎮,5
I love this game so so much 😍,5
"I hate this game, It was good but then Google flagged it as bad so I had to delete and reinstall it, when I log back in none of my stuff was there anymore. I lost all my progress. all my achievements ,everything, I spent 2 years on that account",1
very fun and classic,5
Love and I like the Tokyo update the police guy.,5
it's a real great game for everyone to play it takes the boredom away,5
i almost got in trouble because i have parental controls and it had removed it and some how made it so that i could watch youtube and do stuff that im not aloud to do,1
this is a really fun game to play offline and online!😁😁😁😆😆😆,5
"So far so Good please make it more competitive for Multiplayers matchmaking without a ticket, make it like Mobile Legend Match Making with ranks and Classic Style giving players a ranking or badge what so ever that will be interesting for SBYO.",5
"PLEASE STOP RUNNING THE ""SERVED BY META"" ADS! They're majorly bugged and you cannot exit them without closing the game meaning you lose progress from your previous run if you get one of these stupid ads forced after a run. They have literally rendered the game unplayable for me. I really want the earth day frame and some characters from this update but it's looking unlikely I'll be able to get them with these ""meta"" ads making my game unplayable. VERY annoyed >:(",1
it's really good,5
Was once Great and Fun,3
Best and most fun and enjoyable game !❤️❤️❤️,5
"I think that this game is one of my best game because whenever I play this game I can never leave it and I put on my earpiece so that I do not get distracted , and secondly my sister likes the game.",4
"perfect, beyond five star",5
It's fun to play when you have nothing to do,5
it is so fun it relaxes your body and I mean it really gets you it just makes me I can't get the word out but yeah by the way I'm a 8-year-old if you didn't know if you think I'm not I'm using the speaker okay let me stop talking,5
it's fun and distracts me not in bad way and you can play without internet,5
love this game,5
good could be better,4
Subway surfers is the best game ever I have played in this game the best feature is the coins you can collect many coins till you die it gets fast as you play,5
Great,4
my one of fav game on 2026✨️,5
great game that has a lot of nostalgia. I'm glad that they've kept the original essence of the game throughout the years,5
the best game i became a good person when I grow up playing this,5
i love this game favorite time pacer,5
app is good however on showdown sometimes leaderboard does not get updated. Not sure why,4
my favourite game 👍👍👍👍,5
impossible to get bored because it is infinite loop running i love this gamee,5
"Ive been playing subway surfers for so long to the point I know didn't I was champion×2 with a gold badge for every achievement..it's just that addictive that didn't go out to see my family for 5 years,and my friend who sits in the corner staring named Jak keeps ""gogoo gagaa"",top tier game..",5
After a long time man still the same 11/10,5
super good game,5
"it's such satisfying and relaxing I've ever seen since my childhood.must try game. and the pluspoit is , it's ofline!",5
game is fully fantastic,5
You're so ashamed of creating a game this worthless that you created a bot to auto-reply to reviews. What a joke,1
great game and is fun,5
the best game,5
I love this game so much its Super exiting and fun to play.,5
I love this game 🎮 so so so much,5
"I haven't played this game in a while,but it's still super fun and simple as I remember it being and it gives me major nostalgia",5
Best game played yet,5
i love subway surfers this game is my favourite ❤️😍,5
good job but when does it end,5
i love this game,4
Good Game.. Nice to Play.,5
game is Bast,5
i had a 90 season hunt but it couldn't give me a rewards . daily 2 reward only I get the time is always running what can I do,4
childhood this is,5
I love this Game 🎮,5
the thing required to get key are hard,1
I mean it's actually fun not finna lie there is not a lot of ads so kinda getting used to it this game easy as buying a mansion but yeah try it out,5
add revers race and event,4
love this game,5
Its an incredible app,5
i like this game honestly.,4
"Decent Game, good time killer",4
I love this game so much and this game should keep that Naruto character for less coins or keys and other all good and best quality,5
it was good game and more existing,5
one of the worst game. I achievement many thinks in this game and for my exam I join this game 1 month later and connect my Google account but I become a new player and lost all achievement.,1
it is very good for online I play this game when I was 8 years ago and now 22,5
it's so easy to play even toddlers play these game such a wonderful game l started playing this game in 2022 until now.,5
very good game really so good and and I like it and this game so very much and very very good,5
the best game as a kid,5
please add a option to switch hoverbord please in run between 🙏 🙏🙏🙏🙏🙏🙏🙏🙏🙏🙏🙏🙏🙏🙏🙏🙏🙏🙏🙏🙏🙏🙏🙏🙏🙏🙏🙏🙏🙏🙏🙏🙏🙏🙏🙏🙏🙏🙏🙏🙏🏻🙏♥️♥️♥️♥️♥️♥️♥️♥️♥️♥️♥️♥️♥️♥️♥️♥️♥️♥️♥️,5
I love this game a lot ❤️❤️❤️,5
The best,5
"Please help, after the recent update, the showdown leaderboard is not showing. It always says locked and have 50 trophies first to enter the leaderboard, i now have 600+ trophies but still the leaderboard is not showing. I also tried to uninstall and reinstall the game, nothing's changed.",3
vary expensive game 🤭,5
"The game is nice, but there are some scripts that cause gameplay to stop and the game to freeze.",5
#ONDA#6🚃 UPTOWN LOCAL!!!!💯⚾📲😻🦊❤️📲💦🙀💯🍻🏳️‍🌈🎶🎶📱♀️♀️🫂🐶💙 #SINZE DAY 1 INSTALLED/UPDATED APP. #ONDAREAL I NEVER HAD A PROBLEM 💯 #GAMEIZOFFICIAL 💯🥵🫂💯🕯️😻🫂😰🏳️‍🌈♀️♀️💴🥇🏙️📱🐈‍⬛🐾🐾📱🥇💯🤐#LETZ RIDE ON DA #6 🚂💵# ARRE # SUBWAY SURFER IZ BANGEN💯📱🚂🥳😻⚾🐈‍⬛🐾🐾#THANK U 4 YOUR REPLY #I KEEPS IT REAL🚂🚆🎯💯#OFFICIAL💥👀#MUZT CATCH #6 NYC SUBWAY CITY GOING DOWN 💯#MAZZIMO,5
subway surfers team need to add magnet&jumping shoes in the running game then the game much more interesting 🤗,3
AWESOME and EPIC Such a good game,5
"it's good , fun to play",3
"1 star, cause, you forced me into ads even after using a key to revive myself. i specially chose to use a key to revive because i didn't want to watch an ad for it. completely threw me off the vibe. dont want to play anymore.",1
"you can run if you run harder it gets harder and i like this game you can run you start to being slow after you can be speedy and it gets harder and harder and harder until it gets to impossible can you beat me can anybody beat me it's impossible iron 340 miles while my next stage is 340,000 miles i play all day i think i play 1 hour and i don't give up and i was too fast and i died and i have no keys so my friends challenge me that's why i can't revive i don't have keys anymore",5
it's been 5 years since I last played this game is amazing 🌹❤️,5
not downloading very poor thu....,1
this is too good,5
ads for reward reasonable but ads after every single race or run is just shows the greed Dev,1
Can you please add the options to send friend requests on the app from subway surfers to connect with the people we compete with,5
it is an amazing and interesting game,5
this game is very nice I play 1st time this game I am not expecting this game is very super cool But I saw this game have many event which I play I not know which event I should play but you should play thank for optional .,5
"There are so many things good about this game, it's simple, you run, dodge, collect, and play! I can see how much effort there is put into this game. One of the most classic games. 5/5",5
fun and interesting,5
it is soo fun,5
it's really good I played this game since childhood and this game is so enjoyable.new update is awesome.,5
this is interesting,5
"Hello! I would like to address an issue that i kept receiving inside the game. I personally and honestly do not like the Surfer Pass update and i don't know why i have it. I saw some users or gamers online playing Subway Surfers and they do not have the same update as i have. I'm very disappointed since i can't play the Showdown online update. Since i have the Surfer Pass update. To all administrators and staffs of Sybo Games. Please, i am requesting to not have this update anymore.",1
It is an absolute amazing game !,5
"I have deducted 1★ because I was unable to see my position in LEADERBOARD, even when I scored 25,000 and there is showing nothing. Please Fix it!",4
this game hits nostalgic and very good,5
this super gamme,5
THIS GAME WAS AWESOME BUT I WANT ANIME UBDATE Eg:-[NARUTO],5
its pretty fun and it about timing and reflex but i have some tips for people who play this if you almost die in game equip a hoverboard and if you dont like ads just wifi off,4
Super game very thanks subway surfers🥰😊,5
Nice game 🎮🎯 I am like this game 💯💯💯💯💯🙏 🫡🫡🫡🫡,5
All the progress is lost even account is login 😕,1
very good game,5
i love this game,5
this is very mindful game it boost our conencterion,5
nice game i love this game..,5
instal this game I love the game so much subway is a nice game instal this app bye.,5
IT HELPS ME TO BELIEVE IN MYSELF,5
it's was my favourite game when I was a kid,5
very cool app,5
it was good and my sister and I play this all the time I love it,5
best runner game ever they also made subway surfers city but it can't surpass the classic one,5
🥰 it's not a game it's an emotion,5
This is the game I am looking forward to playing it is the best games I installed in my phone recommend to install it on your phone or pc or laptop amazing game...,5
I like it alot nice game but some bad things,3
very Good game,5
Bast game,5
"Good game but I wish there were tutorials for the moves. Such as, how do you roll or jump lanes or hang from wires?",4
force ads,1
Very Good. Getting Top On The Leaderboard is a good feeling,5
pretty great game it's a classic,5
ABSOLUT CINEMA,5
your game is best but I want to suggest something... that you can use BTS as a character and country you can use where they do concerts and their mike you can use as a new skateboard theme i hope you'll like my idea .. Thank you 🙂,5
I love this game of is the best and spider man favourite game,5
this is the best game I have ever played.#cool,5
my life first game,5
very nice editing for this app,5
best interest and experience ❣️,5
"it's a Very good game, I've been playing it since 2018 and it's still good",3
This is my childhood,5
Good game and smooth graphics 👍,5
It is very good to play,5
You can play this game 🎮🎮 offline.,2
cool,5
"helps reduce stress,being a adult it helped me a lot with stress and enjoyable to play.",5
it's a good game almost everything is hidden behind a advertisement or pay wall,2
wow lovely game I love it,5
"Subway Surfers is one of the best time-pass games on mobile. The gameplay is very smooth and easy to understand. I like the colorful graphics and different city themes. The characters and hoverboards make the game more interesting. The game is perfect when I feel bored. It also runs smoothly on normal Android phones. The only problem is that sometimes it feels repetitive and there are many ads in the free version. Overall, it is a fun and entertaining game.",4
Everything is good 😊✨,5
the best offline game 🎮🎯,5
THIS GAME IS THE BEST DOWNLOAD IT NOW,5
"bro sybo, can you change the amount of prince k to 5000 coins 😭",3
This was so fun to played thanks for update ☺️😁 we need more updatesssss !!🎉🫧🌷,3
hate it so many unskipable ads I'm trying to get a high score in laba floor challenge when It suddenly bug and I died and I click ad then the ads are not skipable cause I want to revive it but turns out it won't skip ads so I haved to restart all over AND MY SCORE RESET ALL THE WAY DOWN SO FIX IT,1
this game has been my most fav from my childhood... love this..sm🎀🤍🫠,5
This game I like because there is off line gaming and new character and new hoverboards,4
so so nice game like if you are bore you will love it. thank you 💐,5
very nice game,4
this is best game,4
I love this game thank you for making this game 😘😍,5
wow this is the amazing game I ever played I love this game so much interesting 😁,5
it is fun,5
it's amazing I love it it's so fun,5
"This is a really fun game that is completely ruined by the monetization structure. The gameplay is actually pretty fun! A nice, fast paced, little game that could be really addictive. Unfortunately it is COMPLETELY ruined by the absurd number of ads you have to watch! Seriously! Every single reward, event, boost, level, EVERYTHING is behind ads! Ads ads ads!!!! I enjoyed the gameplay, but literally spent 3/4 of my play time watching ads. And no, you can't pay to remove them permanently!",2
"Top Run is not working. My runs are not recorded. Please fix this. This happened after your latest update. It was working prior to it. And the in-game support doesn't provide any help. Check your build, test it and deploy a fix.",2
TIS GAME IS BOMBBB,5
it's the perfect game!,5
Good game i have been playing this game for 4 years since 2014,5
it is very fun to play,5
it is very fun but has some glitches. but awesome overall 👏 👌 🙌 👍,4
"very fun and entertaining my score is approximately 234,219",4
I watch ads to get rewards BUT the ads lock up and I lose my rewards. Not worth playing if I can't get the rewards I watch the commercials for. Worthless!,1
This is one of the best games I've played. I love it,5
"The game should actually be called ""Subway Ads"" because one run is 30 minutes long, but two-thirds of your run is spent watching Ads. They WANT you to watch an Ad, and I will. And I will watch several like I do - but you need to be realistic too. 10 second ads, no external linking to Google Play for ""double clicks"". I shouldn't be watching 60 second Ads, ever - let alone a 30 second one. I want to play a game, if I want to watch TV I will do just that.",3
I love as how y'all improving and adding player vrs players section 👏 but shouldn't be limited to just 5 showdown tickets cus if that happens it makes it boring 😴 and kills the excitement. showdown should even be free from Friday to Monday to rank users at the end of the days or week. showdown must also be in subway city as well and trust me it will be the excitement of the gaming world. it shouldn't be limited online but offline too with friends on local connection,5
it's so fun,5
don't change location plz return old location sheep location plz reatun,3
I love the game,5
playing this game for past three months keeps me busy and I love the characters i would like to see a new update that always keeps me playing. I love subway surfers and I hope you like it to.,5
music cuts out fix it,2
lowkey a fire game bro I always play this on long car rides!,5
this game is like another word to me because the moment am into it I use to forget everything am thinking and it make me feel happy sometime,5
so fun just wish coins were free!,5
Best game in the world,5
"This game is not just a game, this is entertainment, the hunger for getting a higher score is what hooks you to this game "" in a good way"" it's very adventurous, also having the hunger to buy the most expensive stuff is a nice experience. You can play this game offline, but honestly it's more fun with WiFi, ooh I can't wait to see you try this game",5
Great game to kill time with But things could be made more interesting by letting player's challenge one another.,4
it fun and exciting,4
the game is so fun I recommend someone playing it,5
"I have been playing this game for a while and I love it for passing time ,You have to watch ads to continue your run (if you lose ) and to get rewards if you keep getting ads just turn off your WiFi and no more ads",5
The first game for running,5
too good to be true,5
must download,5
l love this game ❤️❤️,5
"Update: Five stars! I enjoy the game. Occasional visual glitches with characters and lag during a run can be annoying but overall the game is fun the characters look great and I love the anime and media references. Thank you for fixing the Tsuki Chan bundle error, I have the character and rewards now. Keep up the good work!",5
"Blah on *forced* ads. :/ (You host a google competition, and thousands join, each one paying $1.99 to *stop the intrusive ads*... and CHA'CHING; evil genius plan complete. LOL) Oh well, the game is awesome, has an arcade feel, almost like a retro mariobro's style. The intrusive ads make it difficult to 'get in a groove' in play, so not sure if it's a keeper yet. ●👉UPDATE: Yes! a *SURE KEEPER*! Pay the $; it's SO worth it! ♡🤠GranniDanni don't bake; gaming is my thing. 🔥""Christ Jesus Saves! 🥰",5
the annoying ads after each game are so annoying.,1
this game is very good here is infinity score and the player run faster to fastest we can play without with Wi-Fi and we play all time all time 😻😻😻😻😻😻😻😻😻,5
This is one of the best games I recommend you to play this once in your life because its too much fun adventure and wonder So Must try and great points I spent my childhood playing this game 🎮 😀 💙,5
very best game of my life,5
why does it cost so many keys now to revive on the first try it went from 1 key to 5 now,3
I love this game ❤️,5
"the game is really nice and quite fun, although once you connect an internet source whilst playing it will make a short pause which might make you fail the game",5
Its really fun and there are no adds,5
good game it's good for people over 10 and under my little cousin is 4 and he loves the game almost as much as he loves me so 5 stars 😍😍😍,5
the best offline game in the world,5
best game subway surfers,5
very impresive,5
i like this app,5
this game give me the energy and it is fun to play,5
very good app and very diseases app I am happy to play this game this is very interested game and this is very good game I want the game is very interesting to be promise many students they were in and bobble in this game my brothers and sisters always playing Subway surfers and top level I am very good player of Subway surfers I am a top level of Subway surfers is very good and very bright game of Subway surfers Subway surfers is a very interested and very proud of game this game will be 100 th,5
love subwaysurf,5
it's the best 👍,5
its was amazing and of Entertainment Its best source of fun Graphic was great,5
wow!!!! amazing game i love ❤️ it playing. 😍 💯 100 TO 100.,5
v.v. nice game i love it 😀 my high score is 5lakh ❤️‍🩹,5
really like it thanks,4
i loved itt!!! good qualityyy,5
bad game second time,5
this is best company of games 17 years of present the game and best game of world an I'm rate 5 stars of thissssssssssss game,5
the game is really nice but it's been more than a month and it is not counting my medals in achievements I've lost 2 champion medals and 4 diamond medals. fix it asap 😭,1
uninstall this game again I install this game I am not coming my progress really really really really really really,1
this game is interested,1
it too long,2
I love this game it is a good of focus,5
I love this game,5
The Subway Surfers game is very nice game ✨,5
super super wow awesome 👍🏻 game,5
very nice 👍 game 🎮 🎯,5
please sybo I lost my progress and all my boards I need my subway surfers account back name is festive coco score is 14000000 thanks great game by the way,5
very nice game,5
it was very fun yayyyy,5
this game is to hard,2
this game is very old but this game made up of gold thanks for make my childhood entertain thanks 👍🙏,5
too many ads now but it was my favorite game as a kid,4
To many ads bat athewais nice.,4
this game is so so good,5
very very nice geam,5
well i love playing it and its great for road trips,5
This game is very exceptional and I really love it,5
this game is so fun you should try this if you have some stress this is the game that will reduce your stress you can pause and resume if you want,5
a good game for both beginners and legends,5
love the Acton and no ads,5
the best game ever in my life,5
This is wonderful game very best game,5
good I love this game ❤️😍,5
its a really good game in my opinion its worth it,5
man I love it bring old memories,5
It's a offline game & this is give some fun when the internat connection fail so this is a grate game....... 🎀💞,5
this game is to interesting I like it too much please download the game because I liked too much no ads very much but very nice 👍👍 I will rate it 5 star,5
cool,4
The OG,5
nice subway surfers game,5
this time is good but it need update every month,3
super game playing,5
it is a very good game it keeps me happy it is very interesting game,4
very good increases reaction skills,5
love this game,5
one of the best games for playing with u are bored so 5/,5
its a nice game,5
super amazing !!!! must play,5
is fun buh had to install,5
so nice and play,5
good game for relaxing,5
i used to love this game. now it jaut has way to many ads,2
Great game for enjoyed life 💞,5
very Good appp,5
it's amazing game on world,5
my Childhood game i always played this game over and over,5
enjoythe showdown,4
this is a good game this is a perfect game,5
"nice good game my high score is 40,699",5
Superb game and nice experience,5
my favorite game nice game 🎮,5
legendary game of our childhood,5
Totally Worst Experience After the new update. Whenever I used to open it 1st time in a day Game Totally Hang and Freeze the phone.,1
Bhaut ha gyda acha hai subway surfers or thanks 🙏👍 namaste,5
Kinda pushed you to your limit😁,5
i love this game i was playing it for yrs and it never gets old,5
this game is the best game in the world. I am surprised with this game because It's both offline and online,5
the game devoloper wants to do sudway surfers x naruto,5
its a very nice game,5
Please if you can leasn the price to buy surfers and don't usually receive awards,5
"the game is amazing, but am not impressed with the teleporting board as it called teleporting board, it have to teleport through the train so am not impressed with the teleporting board",4
this is a good game for children,5
very good game and can you do a event in Japan demon slayer and you can buy character with 10000 coins without money,5
I love this game but it is hard to unlock new characters and earn keys but it is AMAZING I love it Highly recommend this game,5
I like subway surfers sooo.... much... ❤️ My goal is to take sooo many scores and i enjoy this sooo much. This is my 𝗧𝗶𝗺𝗲 𝗽𝘀𝘀𝘀 𝗴𝗮𝗺𝗲💞💖 𝗧𝗵𝗮𝗻𝗸 𝘆𝗼𝘂 𝘀𝗼𝗼 𝗺𝘂𝗰𝗵 𝗳𝗼𝗿 𝗮𝘀𝗸𝗶𝗻𝗴 𝘁𝗵𝗶𝘀 𝘁𝗼 𝗺𝗲.................... 𝗕𝘆𝗲 𝗯𝘆𝗲.. 🙏🙏🙏,5
they are keeping so many competitions and the game is very cool,5
excellent thanks,4
subway surfers is one of the best offline game and also the no.1 runner game. I become never bore while playing this masterpiece.🌟🌟🌟love this game.💗💜💜💜,5
my girl asked me how I'm so good with my fingers.,5
this is the perfect game ever,5
veryyy goddd and viceeee smooth gameplay and challanging Mission,5
so good I love it 😀 too much now add more games like floor is lava,5
very nice game,5
"this is very nice i love it so fun,so good and so nice",5
I don't have words for this game this game is so nice and beautiful ❤️,5
best and old is gold,1
Cool,5
it's besttt,5
it's are very adventurous game in the world my favourite game 🎮,5
fun timewaster I always try to get 1 million score but it's to hard so I grind,5
I hate this game,1
I Like play subway surfers,5
very nice game 🎮,5
super this game,5
"This game do has lots of app ìn purchases and ads but all u need to do is play the game . As a person who has never made any purchases , I nanaged to climb up the top run and got champion . So, I think this game is very well developed and also very justicable(idk if that is a word but who caress anyway)!",5
it is very nice game that I have ever seen and played,5
"perfect for killing time, no need for internet and it's pretty fun to play.",5
sooo nice game must try it out,5
cool,5
I love this game!,5
but it was just not fun for me,5
Satisfied,5
I am very excited and happy to play this game.,5
I loved this game it really fun,5
"It’s fun to play and enjoyable, especially when you’re bored. You can play it and try to beat your highest score. The only problem is the ads sometimes don’t work. I hope it gets fixed soon",5
Is there a button that I can switch counties to than have to wait every month to change country for special events only.,3
"This is the second time l have lost everything in the game, l come to play store and the app shows me my achievements, if there was any chance l could rate this game half star i would, thanks for the terrible experience",1
very good game it is,5
"this is really amazing game but there's one thing I miss about this game, that we can watch ads for characters and boards, I want that to be back in the game pls, update I wonder why you all updated the game like this cuz I miss collecting tokens for boards and characters 🤔",5
Fantastic game since 2017,5
I love this game vere very nice and good,5
this is my favourite game,5
simple and easy to play,5
for next time please Collab with Attack On Titan or Jujutsu Kaisen or Demon Slayer or Dragon ball z,5
my game glitches when I was about to hit 2000event tokens.,1
super fun liget but without music,4
cool,5
this game is actually rlly nice but I think they should add a secret ending,5
"Best game ever, just download it you'll see it for yourself.",5
realy nolstalgic and fun,5
if ur updating the app make it. better than the last one not just editing for fun,4
w game man it can u 25k play points good luck yo I forget to mention that you can transfer play points to actual money,5
I so much love this game,5
cool,5
i gooned to this,5
I Think that the game is awesome but network is taking so long 😐,5
I am very happy for this game daily playing game,5
it is good but when I play showdown it does not show me the leader board and I have already reached 50 trophies and I am at 250 does not unlock.,5
The best game in the world. Helps one learn that you can never really run away from Justice.,5
it's really fun and gives you a lot of mystery thing❤️,4
child hood favorite game,5
I LOVE IT SO MUCH,5
Not as good as before the update that changed the event system.,3
I love that game a lot,5
can I get another mission. .,5
subway surfers is Amazing game 🎮,5
best childhood game,5
"Actually,I am playing this game for over 10 years and I AM FEELING LIKE, it's soo good bro I wish I had this game forever ♾️ SYBO games how u made dis game endless dats the question I am asking And pls can u gift me boombox or if u can't it's ok!😊",5
had game for years. now tired of ads you get stuck in time to delete. I won't be back. jerks!,1
The best game for me,5
it's the best game,5
good but u can also give more keys while running ok but v good,3
the best game I've played so far,5
subway surfers is great! you get to explore different challenges and other updates i recommend if you have good reflexes!,4
best game in the world,5
most fun game. l really happy,5
this game is very nice buh i don't know how to connect it with my neighbors and play,5
very nice looking 👌,5
great game,5
"can't describe in 500 words sorry limitless , good , fun game in 100 mb",5
best of game ever it's my favourite I like this game a lot,5
can you play this game with me,5
I love subway surfers. this is my best game in the world,5
the best game I am in the highest score,5
great game,5
Great game,2
Been playing for a decade. I always download this every time I get a new phone. I'm thankful I can retrieve my game data.,5
I like this game,5
this is a very cool game guys u must install I really enjoyed nice game U CAN PLAY IT OFFLINE 💕💕,5
this is one of the best games......,4
"It's frankly remarkable. However, it's quite unfortunate that you can't log into your account. I recently purchased a new device since my previous device is quite slow. Unfortunately, I can't log into my account, which had practically all the characters, even the limited ones.",4
"I once lost my data and had to start all over again, nevertheless it is still a great game especially with the seasonal updates.",4
my favorite childhood game,5
i like it soooo muchh this game is a masterpiece 💗😍👍🏻,5
this game is better than other apps,5
I'm not on the leaderboard yet I have 200 trophies 😡😡😡,3
I have been playing sybo. however right know I hate it because it changed a lot and forget old quality 😔. I fell very upset. I deleted already. pls see my feedback write something.,1
Nice but not as I think,1
it is nice game iam play this game every day it used app without net 🥅 love this game so happy play this game and our time pass I have many key in this game s186 key are I have ok y cousins play this game and it is telle about this game and prize are very amazing 😍🤩 🤩😍😍😍😍🤩😍🤩🤩😍🤩🤩🤩🤩🤩😍🤩🤩🤩🤩🤩🤩🤩🤩 ok thanks,5
i love this games,5
"it's really good running game I am playing this till 6 years old the graphics are good but I cut 1 star for this the old music is very good with that music the game is good please bring old music again and bring some anime updates because I am anime lover like jjk, Naruto and bring new words of anime characters name please these are my 2 request",4
Hello sybo team i wanted to tell u that I'm trying to install ur new update but it is not updating fix this pls I want to play But it is not updating pls fix this issue I'm not able to update the game fix this that's all I could share I played ur game back few yrs too then I was happy but now I'm sad pls fix i couldn't update the game And pls give more than 3 tickets in the showdown event and I saw that total no of surfers and boards is 512 something how's that possible fix now,4
its challenging 💪🏻,5
it not worth it,1
I love this game because it make me fresh up ❤️,4
One of the best games I have ever played!!!,5
ss amazing Game how try now,5
Absolutely fantastic and amazing!,5
5 days WATCHING ME TAK3 🥇🥇 FRIST . BET... ILL BE TOP 3RD ...,5
very addictive,5
ye game bhut hi mjedar h kyoki isme hame ye bhi rhta h ki is bar aur acha score bnaye graphics bhi awesome h,4
It's a good game,5
LOVE♥️ the game,5
This game was very much good,5
Excellent game and is very good for entrainment purpose ❤️❤️👍👍😊😊,5
this app is great,3
this game has been with us since we were little there is nothing to complain about.,5
"here I was thinking this is the best game on the internet but guess what.... this is the most frustrating game app why would ads take you to a new app when trying to continue your game. guess what when you quickly return to your game app, your game is void. points, coins, gifts all gone. your keys, board and booster used in playing the game are irreversible",1
best wishes for subway suffer,5
next update have to Shenzhen showdown please sybo,5
its the best game,5
I love this game. I play this game from when I was five or six. Now I am 12 and I still love this game,5
report this game time wast,1
np one can get bored it's very fun,5
I've been playing this game for like 8 years now with all update coming with new features like the game is really really nice with so many characters overall Subway surfers will be one of the most best game I have ever played 👍👍,5
I like this game because it has no end and make the game harder and harder,5
"""Subway Surfers"" it is a amazing game with colourful background♥️",5
it's very nice am now one of the top runners,5
"I'm sick and tired of losing my progress on the app. I've gotten new characters, boards, and spent hours of time, only to wake up this morning and see beginner's mode. And I'm using my game account on Google. It's disheartening. Edit 2026: it happened again. And this time after 6+ hours per day for over three weeks. I'm done. I'm completely done. I will never download this game again. thought maybe the issue had been something I did, or I was at fault for some reason. No. Subway Surfers sucks",1
"In the 20 day event that is going on, there was a frame prize in which I had the highest and I was in the first position, even after 20 days I did not get it, you people have done fraud.",1
this is poop game,5
my all time favourite game,5
"This game used to be amazing, but recent updates are very disappointing. Rome, Ireland, and Tokyo feel boring and low effort compared to old updates like Space station, Underwater etc. Removing the cloudy sky from Easter Ireland completely destroyed the vibe. It made the map special — without it, the whole feel is gone and it honestly ruined my experience. 😞 Now the game feels boring and recycled. Many players are losing interest. Please bring back creativity and the old Subway Surfers feel.",1
I like that game it was fun,5
I love this game it's my favorite 😍,5
this is the best game!!! ♡♡♡♡♡♡♡♡♡♡♡♡♡♡,5
best game bahut accha game hai,5
it was so fun,4
great game,5
have ads don't Install,1
this is the best game of 90s and all of time,5
It is my fist game. when my father buy a new phone. It is the game I damlowd,4
This is very nice game .It's so relaxing 😎😎😎,5
best game 😎 offline and online dono 👌🏻,5
Your RUN TO ESCAPE COP RUN!!!!,5
I like this game I'm new but when I play the game it's fun very elitely legendly epecily fun if you made some updates it will be good,5
Second Time my I'd reset without any reason. And No one Helping me .,1
it will come when i try to score full while playing the three train is come on the path of rail 🪜so I hate this,3
this game so nice that I can't stop playing this game and thank for the updates and keep uploading update like this.,5
tough,4
good 👍👍👍👍👍good play this game,5
"Game is fun, but SubwaySurfers league is an opportunity for gamers.",5
I like runner game this is so good game,5
this game is my childhood i love it i do have a request tho ; could u guys maybe add rhe most popular anime characthers ik someone said that but i think we can add more but i will give it 4star love yall Mori edit : i love that you added naruto and okarun with someone in attack of titan 😅,5
mast game wo bhi offline 👍👍👍,5
SYBO Subway Surfers Pless🙏Next Update 11 MAY DUBAI🇦🇪EMIRATES🇦🇪2026.,5
i genuinely like this game,5
Although it is a good game but recently All my progress was lost like I have many cracters and boards unlock and now they are all reset and I had like 1k+ hoverbords and now it is gone in an instant.and it kept going again and again keep reseting my progress I am not playing it again ever i will reconsider if there is a strong response from support or else,1
it is very super,5
very nice game and best 💯/💯,4
it is a og game 200 people assemble they will help me say how good this game is,5
This game kept me alive,5
"new update for this game, and I appreciate it",5
Tha game is very good and the collect goggles gift card❤️,5
very bad game,5
very nice game but very fast update 😃,5
I honestly just love this game it's free it's awesome! you don't need wifi I just love it,5
subway surfers india game,5
One particular Facebook ad is preventing all other ads from running so when my runner crashes I can't save it.,1
this is the best game I ever played I really love this game but there is a downside there are too many ads and I don't have a real money irl so I can't get rid of the ADS please sybo remove ads from the game please,5
it's good,5
it is fun and enjoyable 😌,5
I love to play it 5 stars,5
i love this game,5
"it is just so fun, you could never EVER get bored.",5
"naw, I love this game sooooooooooooooo much like I rly value this game cs it's rly fun to me and others.",5
Love it,5
I enjoy this game everyday 💪,5
I really enjoyed this game,5
"I have been playing Subway Surfers for eight years , and it never gets old! This game is the perfect time killer with its fast-paced, endless running gameplay and vibrant graphics.There should be a option to login again in case of buying or uninstalling the game just like yesterday I bought a new phone now I started it again so please add an option to login. And Pls don't show ads of Gambling, Daraz or irrelevant.",5
"normally I really like this game oh. But it resets and wipes all your progress randomly. It happened to my brother, my friend, now me. it's very painful. All my Progress and achievements GONE. I don't know what's wrong but PLEASE fix it.",3
not a fan 😕,1
The game is already too hard.,4
I re-download this game after years of not playing i LOVE the development it got and tye new challenges and events it brings more fun to the game i love how we are able to play with others at the same time it really is a great time im so happy for the changes,5
I love this game so much you do not need internet thank you so much for making this game I hope you have a great day,5
my childhood game ♡,5
Very nice game l love it,5
I like this game 🎮 Joni me too play it,5
it is fun no wifi needed and my daughter loves playing it must try and a og game ☺️👍🏻,5
"The Best,😀😍👍👍👍👍👍⭐⭐⭐⭐⭐⭐",5
great game,5
Thank you for listening to me,5
nice game and nice feature and tis game is good for children's,3
the game 🎮 is fun 😊,5
when I am free I always play this game and the quality is good 👍😊,5
best game app this app give me a unique game play,5
the worst game ever,1
the best,5
I never should've wished for the latest update 😔,5
the game never ends,5
Good but hard work,5
well this game is a great online/offline game the one and only SUBWAY SURFERS...has always been my favorite...this never felt boring maybe because of its constant updates and seasons....do play it is amazing,5
That is a good game,5
this is a great game 👏👏👏👏👍👍👍👍💯💯💯,5
this game is so good and i just like this game 10/10🥰 you must have to try thissssssss!,5
its awesome playing this game and is really entertaining 💞💞💞I will give it a five star,5
very effective and adicting so suprised with the details and trying to give it all my best in this reveiw.,5
i like this game so much 😊,5
it is nice and main is use without network 🛜,4
my first time experience,5
Why are there HUNTING ads playing on a children's game? Just no! Love the game though.,2
Honestly I wanted to give it 4 stars because just because I did not play the game for like a month all my progress restarted it was very infuriating,5
Good👍👍👍👍👍👍👍👍👍👍👍👍👍👍👍👍👍👍👍👍👍👍👍👍👍👍👍👍👍👍 Very good👍👍👍👍👍👍👍👍👍👍👍👍👍👍👍👍👍👍👍👍👍👍👍👍👍👍👍👍👍👍👍👍👍👍👍👍👍👍👍👍👍💯 day I will never be there in a different story and👍💯 the best way home🤗 from the👍💯 best💯💯👍 friend❤ and I don't want to be a great day of school🎒📚 and I don't know what you think I'm sorry I don't want to👍 be able to👍 get to👍👍👍 know how much I love it so I don't want to it was iju dr uk na to get the best💯😘 friend and👍💯,5
this is a good,5
very good game I like it because this game play in off data or also in on data so I will like this game. you also play this game in free time.,5
that's a very good game,5
It's very super,5
this is amazing game... 💖and a stress burster for me... ✨,5
Nace game ra,5
so nice game easily time pass 10 by 10,5
It's good 👍,5
this game is okay. what I don't like about it is that you know that thing that you like slide under they always put a train in the back of it and then suddenly I just lose but I keep on watching ads this game is very very like fun but it's also really annoying because it makes me lose that's the only thing I hate about it but I don't know that I like this game I definitely suggest you should get this game four stars.,4
subway surfers Such a amazing since my childhood to Now Great graphics 👌,5
nice game and play and girls and boys 🇮🇳🇮🇳🇮🇳🇮🇳 🇮🇳🇮🇳🇮🇳🇮🇳🇮🇳🇮🇳♥️♥️💜🖤🖤,5
"*The vibe*: Pure, chaotic fun. You’re a graffiti artist dodging trains, cops, and obstacles in endless-runner mode. It’s been around this is endless game but I like this game",5
amazing game I have ever seen cuz this game feels like heaven and this game gives me a lot of memories and a fun with my siblings cousins and my fav one and this game gives you and me ticket for showdown jisme ki bht zyda maza aata hai,5
best game in my life 😎,5
I love the game it's just so fun to play and the events too are so fun to play,1
I love the game,5
This game is very nice,5
perfect game for me,5
"## **Subway Surfers: The Deep Dive** If you want the full story on why this game has stayed at the top of the charts for over a decade, here is the breakdown of what makes it a masterpiece of mobile 🎮game 🎮 I love this game🎮## **Super Bear Adventure: The 100% Completionist’s Dream** Since you've mastered the subways, this is the perfect ""long"" review for a game that offers a completely different kind of challenge—one involving exploratio 💗 when I rank this game in 100 is 100/100",5
it's so interesting to have a new character to have many events on it just like ( Floor is Lava ) it's actually the most of my favourite event I loves to have many types of boards and having a rare badge and the achievements I got I love to have them ( I just love this game ) I rate this game 10/ 10 and play this game and then tell me your opinion how much do you want to rate this game out of 10 / ? just let me know about that,4
I had the best moments when playing this Game,5
It is very good and time pass video game I enjoyed a lot thanks for providing such a wonderful game I have fun with this game and it is offline when your are boored don't forget. To play thanks,5
great 👌 game 🎮,5
is a fun game like others so l realised that,5
very stylish game and very funny game,5
awsome level of detail outstanding 👌,5
I like this game,5
this game is awsome,5
So many ads and the update is not even being download,2
I really love the new update,5
Hello SYBO GAMES all of your games such a genius .İt makes me feel differt when im playing.Thanks to you very much💗And I will be happy if you make an uptade AZERIBAIJAN BAKU,5
best game ever I have played this game since I was 6 years old,5
there are good game,5
best game I scored many high score,5
Very good game 🎮 Please add Bob the blob free,5
I usually play this game when I'm bored and i like so much,5
really good offline game and teaches us to never give up,5
the game is nice the mission make me want to play the game alot,5
l love this game 🤩,5
Great entertainment and very much fun....App works well no hiccups,5
been playing it since a young age and it's still fun,5
Childhood memory 🫠,5
You guys have become TOO GREEDY and it's so annoying. Now to get the new destination surfers/boards we need to buy a surfers pass (expensive af btw) When before we could buy them with the events coins. I don't even want to play anymore,2
"I am an teenager I love this game cuz of it's features ,new and stylist characters and perfect power ups ...this game is such a slay ✅💗..love about it's offline ... like the updates and all the events .....As a TEENAGER I prefer it to all ..I never get bored with it✨🤙🏻.....W SUBWAY SURFERS game ..🔥",5
"Epic game. Cool. So many to learn. Edit: ""This Game Is Legendary 🖐️🗿🤚 ABSOLUTE CINEMA"" There are new"" Run Animations"", new "" ""Cool Surfers"", ""Many Collaborations"", ""Listens To Community"", and ""My Childhood Game""",5
It make me relax,5
this game is so 👍 good,3
must play,5
after a long time played this game still the best,5
perfect for timepass and very entertaining,5
best time pass game,5
This is getting more and more frustrating and annoying because now the Ads won't even show at all and it will just throw me out of the game unlike before where it will still play some Ads if I am persistent. You said you will work on it but am just getting more and more disappointed about this because I don't really see any changes that tells me u are working on it. please quickly find a solution to this problem.,1
it’s a beautiful game,5
This game is an OG,5
A love that game,5
This is my one of fav game I like it very much 🥰🥰,5
very interesting,5
it's an engaging app I am always anticipating for the new updates,5
subway surfers is a very fun game to be honest love it its very educating and it builds moral in kids jeep it up can't wait for subway surfers 3 by,5
send new event early 😁😁 and the game is top of the world,5
the Subway surfers game is too good mere ko to yah game bahut achcha Laga aap chahte ho to aap Khel sakte ho main ise five star rating dungi main aapko prefer Karti Hun ki game jarur ke liye I love this game my favourite game ever ❤️❤️,5
It's a great game,5
what i need to talk about that game. i played that game first time at 2013 when i was 15 years old and i feel the best enjoyment. Like today's game it wouldn't give us the plsurement but it give us a nostolgia typa hipe,5
I love this game there are no adds and i love the new updates but i get to many pop ups please try to fix it,5
the game is too good and the graphic is also but I have a problem today when I log in into my old account I don't get my data back the game just started from the beginning in my existing account I had so many characters and the hoverboard but I don't get them back please check it and correct the problem and help me to get my data back please,5
"beautiful game,nice players and graphics",4
it's fan but ... it does not need add please,5
good end nice I feel relaxed this game it's very fun if you want this game download it,5
very nice game 🎮🎯,5
this game is so much fun And I never forget Subway surfer game this is the world best game in my entire life I love this so much And I recommend you played this game but sometimes this game is cheating by the way you should this game and you love it,5
This game is very bad game in the world,1
"it is amazing 🤩 and I love how each new update has a new season 😁😉,a new country 😁,new players and surfers it is totally spectacular 😍😍😍",5
new update 🙏 🙏,5
this is the best game ever i played any of game this is incrediball game🤩🤩🤩🤩🤩😍😍😍,5
"Due to some glitches I didn't get my showdown champian reward, so much hard work i do for reward, this is not only the first time so much my money,keys,headstart,score booster got wasted.",1
subway surfers is best in the world I like this game. the game is no network and play fun. all people play this game and rate yourself 👍👍.,5
I played it when I was young I still play it,5
very interesting game and fun time game,5
I love this game iam addicted to this game,5
"this is absolutely incredible the game is fun, challenging it's super fun I hope you keep making updates keep up the good work",5
Good game! but if i got surfer pass,5
now this game is 100/10 I love this game for this game no words,5
"Had it in my last phone and I love it, so I'm back to put it in my new one, hope it's still as good or better than before. *re-editing: I'm back and I can say.. this is one The best games I have so far... the Ester Ireland and world tour were awesome, and the showdown was one of my faves, I'm updating it for the latest things, can't wait for more*",5
this is best game but i sad then the brawl star x subway surfers season end,5
it is very good game,4
This is the best game I ever have seen in my life I am totally in love with this game 🎮❣️❣️❣️❣️❤️❤️❤️✅✅✅✅✅🦋✨👑👏👋❤️☺️❤👍😊😻😲😳🙏,5
"good game i,m like addicted BUT it should have avatars like anime mostly demon slayer",4
I hate this is very not bad i like this,5
"This game is good and I love it so much, but my achievements is not adding again, most especially, ""get a medal in top run, and it's like"" it's getting me pissed off.",3
It's is worst game ever,5
"“I will rate this game 0 because it is a scam. I was told that after 30 hunts I would get a character, but when I completed 29 hunts and only one was left, it showed ‘your hunt is over.’ I worked hard to complete these, so I’m saying this is a scam.”",1
I love it this game,5
"This game is great, I like their new showdown mode and we can travel arround other cities we can also change the bgm",5
subway surfers is very good game this game is top game in all countries,5
this game is just awesome...and love how they give one by one tasks to complete and get any reward sometimes even characters ....this is so much funn !!! to play...I love it,5
its really amazing that I can't even describe,5
this game is very good 😀🫂,5
wow I love this game they shud give rewards for playing coz am now so good,5
it's soo fun,5
it's good for keeping the mind quick,5
Nice game,5
very jolly game and best game,5
"Great, Awesome, Beautiful, Star, Nice, One of a Kind, Magnificent, Top of the World, King of Play store... and so on!!!",5
"This the best game .It doesn't force u to watch ads when u are playing ,this game have so many formates to play and many more missions to complete. it a total blast of advantures and i enjoy playing itt🥰😍😍",5
no. 1 in the world,5
LOVELY GAME! I absolutely have to acknowledge the fact that im so pleased by this game that they have not changed the OG graphics of the game! Almost all games do that when they are this high in prestige but hats off to the developers. LOVE SUBWAY SURFERS FOREVER!!!,5
nice game running nepali,2
This game is very good game I like this game very much and I am playing this game from India,5
this is good game 🎮🎮,5
"I like this game, but unfortunately my Facebook friends not showing same as before.",5
love this game,5
love this game,5
"Oh I love subway surfers...get easily addicted to it. EDIT : as an avid player for years , I wanna point out a bag that I'm very annoyed with... very often , when going over the trains , the character stops rolling or jumping & seems like it's gliding on the trains... it's a big problem as I've many times crashed bcz of it & also missed many items... please fix it .",5
way too many ads shoved down our throats,1
It's my favourite game,5
is this my favourite game 🎮🎮,5
it's a amazing game for me♥🌹🌹🌹,5
this game was a super game,5
please check my update is not opening 😔,5
love this game and enjoying a lot,5
i so much love this game,4
it's nostalgic and fun and it helps to increase concentration 😁,4
Amazing game . I Love it 💖,5
my Subway surfers is not getting update what should I do .,1
I like this game and this game is so fantastic and amazing,5
"Subway Surfers is my favorite game, I definitely play it once a day, it has become my daily routine.✨⭐",5
YAA THE GAME IS JUST AMAZING!!🌟🫶🏻💓🪄,5
The best play,5
what🥰lovely game,5
"This is the game that I played for 4 years. When I was a child, I liked to play this game a lot. I earned many rewards , prizes and badges in this game. But one thing, this is the carrier of my childhood memories. I played many games but never played a game like this .",5
subway surfers are crazy i recommend everybody to play this game,5
Super game and very nice you should improve the background graphics,5
been play this game for ever,5
I was trying to get the betty bunny but there is no enough time to finish the showdown and the plant invasion to get cool characters.,5
love the game,4
5 stars bc its so fun to play it with no internet,5
Best game getting surfers is so cool BUT dont get fooled i dont like the new gen characters bring back og skins like Eddie Pride skins crew Christmas characters halloween characters ya get what I mean and make NO MORE NEW GEN update,5
The best ever game I love,5
best game in the world 🌎,5
very good game love it. This game is also offline I can plya this game everytime and its not hard to play too. The events are amazing love them. This game is also very nostalgic.,5
this is so boring and there is so much add in this game idk why but this is so annoying game and it should be customised,1
this is a good game 👍,5
it's good but ye online q nhi chalti.....,1
Super fun ngl. Love collecting new surfers,5
this is nostalgic,5
i love this game ❤️❤️,5
Subway Surfers is the best ever Game 🎮.,5
uninstalled because skipping adds will take more time than playing,1
"wonderful game! Very engaging and fun, too.",5
I love this game but whenever I come for update it never gives me update option . Why it not gives. me update option ?,5
very nice game,5
I LOVE IT! EVERYTHING!,5
best for passing time so good and fun and enjoy too i love this game but needed to improve little bit cuz whenever i jump above barigades my chracter dont jump and i fall so pls fix it and nice game...,4
Very nice game this is,5
very fantastic game my life. good job 👍,4
It is so good game for passing the time,5
"my account got deleted suddenly and i couldn't get it back no matter how many times i tried , i was collecting in it for 3 years and it hurts to remember... the game is fun thou",3
when is update,4
I love 💕 this game I cannot say anything about this game,5
so good in using this in your online class,5
and also new new characters nice character,5
this is best,5
This game is very good I could play this for hours,5
I've been playing this for so late ng now and I must say it's the best game when I get bored or have nothing to do !!!! and collecting character and achievements is fun,5
My childhood and i still playing it and i will never forget about this MASTERPIECE Real-Peak game ❤️‍🩹,5
subway surfers is the best game I have played subway surfers is one of my favourite I rate 5/5 in this game 🎮 I like it soooooo much but sometimes I lost my control that time I will get angry but anyways you are the one of my best game in the world thank you have a nice day to everyone who are reading,5
it's a good game 🎮🎯,5
it's my childhood game and I love this game,5
i need show down again because I didn't complete it 😭,4
its sooo goood yall!! I loved it while playing actually I'm new to it but its so easy to understand how to play it its graphics are so colourfull... 💗🙌🏻,5
Its a really fun game and I can keep track of how long I played 😌,5
"this game amezing, new creations , targets ,missons , I love this game",5
wants people to think,5
"i like the gameplay, like its so much fun and simple in outside and inside. ads is balanced too. i like the hoverboards design, its really cool. i want more updates coming",5
I love this game so much,5
good game and experience to game,5
it's very fun and also improves your focus skills and I love when it gets faster,5
good to play,4
My most favourite game is this❤️❤️❤️❤️👍👍👍👍👍❤️❤️❤️❤️❤️❤️❤️❤️❤️❤️❤️❤️❤️,5
A very good experience,5
have a great fun 😀 that's looking to just like a abroad soder is to good use of the day of the day of the day of the day of the day of the day of the family and all together with the day and all together with family me 💝 God bless u to much for you and all the day of my family 😥 God has always 😍 my life is a place or something but sir I'm in your family me kisi ka sadi hai to chikhe nikal rhe the day I am not in a time to be in the day and time of time le liya hai kya hai ki na puch lena ha,5
i love This game it's my favourite game,5
"I love this game because it has so many adventures and no wifi needed for this game. If you don't like the music, you can change it, I have changed the music and now the music I selected is EASTER IRELAND.. this music is so good and relaxing and one more thing I would like to say about it is that we can upgrade the power ups.. and increase our scores by completing missions. ❤️❤️❤️❤️❤️❤️",5
like the app,5
good for Time spend,5
"witawy this is my favorite game. also, mongolia would be a sweet destination sometime :)",5
awwome gave had it since 2015 and been here ever sincerely,5
this game is a nostaligic one 💯💝🏇✨ .,5
cool,5
the game is fine but there's something going on with the ads okay so something still wrong with this ads I might update then come back,3
really amazing game,5
Very good to play monthly updates and such world tours I like it . Thanks for SYBO team for the great game .Thanks.,5
I love this game I used to steal my mom's phone when I was younger just to play this game and in my opinion it still lives up to the fun like when I was younger,5
please bring back showdown that was the reason I reinstalled the game,3
this game is so fun I like the showdown,5
where's the new update? can't wait!,5
I love how it doesn't lag like some other games! Love it.,5
I love this I've been playing since 3 years old!,5
I like this game a lot pretty fun when your just bored or something it's the cure to boredom and I'm 7 in Canada weekly score yay,4
It is so fun🤩🎉🎊✨🎆🎇,5
the best game ever,5
I just have to say I love the game it's satisfying you really don't have to worry about ads unless you want rewards they have so many good things to buy on there but for the new season coming up y'all should dress up a character like a president it would be so awesome,5
The games so good and graphics also,4
I have loved playing this game ever since I was only 10 years old. I really love this game and I really hope it never dies.,5
very poor game design and very scammy,1
where did all my surfers go?,1
This holds like the greatest of all times the game is so uniquely addictive it makes you yearn for it I love this game so much,5
best game of all time for real,5
super fun and loads fast,5
ever non-faild game🫶🏻,5
Marvelous 😍,5
super and fun to play even without internet 👍,1
This game is amazing!!!!😄😄😄😄😁😁😁😁,5
Overall Great Game... but please do add a way to get the run back if we close the app by mistake..,4
"I accidentally deleted Subway Surfers. My account is still intact, but when I reinstall the game and log in again, it doesn’t return to my old account—it just stays on a new one. This is so frustrating and disappointing. I really hope you fix this by adding a proper “Switch Account” feature, not something that doesn’t actually switch anything.",1
Very fun to play when you have no Wifi,5
entersting and time pass game 😁😁,5
NO COMPROMISE AND GREAT FUN 😊. LET'S PLAY NAD ENJOY THE GAME.,5
"this game sucks, I was playing got to the highest I could, I got an ad to revive and when I got back in my score didn't save, this is very upsetting I am very frustrated because of this, time of my day wasted.",1
it is so gud I love it it is wonderful.,5
this is my favorite game and it's was very beautiful and lovely,5
The creative team of this game deserves good negative ratings,1
What's not to love about this game?,5
The best,4
Why this app take so long to install because I install it morning 😭😭,5
does not consume a lot of power,5
it is fun when ever I go somewhere,5
Its very useful specially when you're bored just keep adding updates,5
its really fun and rlly addicting I would recommend this game to people who have small intervals of free time!! I also really appreciate that u can pause the game!,5
the game is amazing,5
"I absolutely love this game but the fact that like I have a high high score and then it makes the game harder like in the 4th stage the highest was 3 million I think and then in the 5th stage it jumped to 10 million, like make it easier to get the thing, I hope you fix the problem and I would love it if you could add an update in which the friends we have are also in the same leader board, I hope you look in it. Edit : thanks for answering I hope the problem gets fixed , thanks again!",4
I like this game and this game is best ❤️,5
My account suddenly had to be researched from the beginning again just because I didn't play for the last 5 hours.,1
cool,5
this is very good game,5
This is very innovative and challenging game. It's a very Wonderful with all their events and All that Must Play this Game By: SwiftSurfer,5
it just doesn't finish downloading....it takes too long,2
it's just a good game,5
that's game was really nice I love it 💖💖💖💖💖💖💖💖💖💖💖💖💖💖💖💖💖💖💖💖💖💖💖💖💖💖💖💖💖💖💖,5
it has very good challenges 👍,5
very very best game,5
this game is legend,5
i really love this game specialy with Spotify and love all the chapters really edicted to this game 🎮,5
THIS GAME IS VERY FUN AND THE POINT THAT I LIKE THIS GAME IS YOU CAN NEVER GET BORED OF PLAYING WITH IT,5
i love this game so much,5
my favourite childhood,5
it's pretty good and it has many quests and is a lot of fun but it still has many ads,4
very good game love it so much,5
Superb game 🎮 I loved it 🥰,5
the best,5
i love it but too many ads when you fall,4
Very Fun Best game to play in your Break Time,5
I loved the game since it first came out and even now I'm playing it,5
iconic that remember my childhood,5
it is a very good game I really love it and it is my favourite game.,5
it's so beautiful,5
"The game is ok, it's enjoyable and fun. But i think the season got too many things and unless you spend the 20 days playing at least one hour is imposible to get everything or nearly anything. Also sometimes when misclicking an ad the game unloads and when being loaded again the run is lost. Also there is this annoying bug but i can't find where to report it: if you jump from a slope to a train you keep falling without really falling and you can't jump.",3
"hey. i just wanted to appreciate the soda ash segment. its so fun and exciting to play in different cities of different countries. but the only thing that bothered me was that why there isn't any PAKISTANI city ? So many people from Pakistan also play this and would LOVE to see any PAKISTANI city too in this segment. so yeah, thats basically a suggestion from our side. and, ya, i just hope, we'll see and play in a Pakistani City in future. :)",4
amazing game... who doesn't love subway surfers?? 😋,5
oh wait I love the characters and the game I love how the police chases Jake😂,5
Everything was just alright till this Easter Ireland update where my top run isn't updating so it remains unranked for no reason even after hitting a 3 million plus score.,3
this game is soo fun,5
Best offlline game 🔥,4
you know that so nice 👍🙂,5
where is the game I love this,5
subway is best game for time pass 😀,5
I love this gamee,5
everything is good 👍🏻,5
U got a More score app can be auto restart total game is gone to start a new,1
Subway surfers game bahut acchi hai,5
this is the best game forever,5
it's my most favourite game from childhood 🤌,5
I killed the police officer because he's not sharing his donuts,5
this great,5
it is a good fun time free game!! it's fun to play u can add ur friends to the game too!!,5
I love this game but it's should have a item inspector to see the worth of ur items for advice add multiplayer,4
THIS IS MY ONE OF THE favourite GAME,5
this game is wonderful deserves the most,5
advance subway surfers,5
w subway Surfers,5
one of the greatest games I've ever played.,5
"this game is the inspiration,the og, and 😘",5
"The game is glitching very often from the past few updates. Daily high score data is not updating properly 😕, upgrades(score boosters & headstarts) are not available at the starting of the game. Someone has to take a serious look into it and must fix these bugs.",2
this time is very good this is my childhood game,5
Make sure it don't update or I will put 0 star rating,5
l love the game because of graphic,5
Game is not working while wifi or data open! can't even open the game to go through support,3
best game i have ever played in my entirety of my life,5
I love every player they give us in each events it's super good and some players are kawaii!! and the game scenes are awesome... but I have a question my rank is so high i have unlocked every single characters if the game is deleted or something can I save my progress so when I installed it back it remains same....,5
this game is known as the most popular game in the world 🌍 this is the most beautiful game and its graphics is very good 🤯🎮,1
🌟🌟🌟🌟💫💫💫💫🌠🌠🌠 could y'all bring back burger King 👑 Please it's been 4 long years Cause I would really like to add him 2 my crew. other than that everything else is peachy,5
this app is made me laughing and laughing i love this game,5
this is interesting game,5
i just really love the game i know roblox is famous but i prefer this game ive been playing this it got deleted few months and im bored of roblox so i delete roblox and download subway surfers i really love this game i quit roblox cause it will be banned in phillippines and im from phillippines i hope u reply and i love ur game i hope u update! in the future subway surfers are in the top 5 i hope!!,5
that is a good game and bril game good game good,5
very good and nostalgic,5
I've played this game since 2018 is the best game ever I was confused when they released their new game but now their new game is just a rework basically but it's still the best game in the world no internet required it is actually the best really good really good really good,5
Best game in the world!😊,5
this is such an og no matter how old it is it is always so fun!,5
"to me, this is the best game ever! it doesn't need internet, and it keeps me entertained!",5
I LOVE THE GAME SO SO MUCH.,5
Really fun app no adds unless you want to unlock something great game,5
"Wonderful game,but I just feel the game should have an account for its players. whereby we can login even if we delete the app and install it back.",5
"it's very fun and yea, I like how the movement is and the updates.",5
"They give rewards for ads whenever they want ... when i got 20k coins from box, they didn't give me ad to double my reward 😑",1
it's fun and interesting,5
LOVE IT!!!!! best game! each time I play I get better and better and better and honestly it's fun to compete against your friends!!! so I recommend this to you if you want to get better at stuff where in gamed you run really fast and dodge moving objects!,5
pathetic too much ads dont download its a scam they hack UPI payment,1
it is fun game and I love it,5
very good game and awesome,4
it cures my boredom 🤪,5
"It's the best game 🎮 I ever played and helped my childhood memories grow............. ..,............................................... ....... . . . . . . . . . . .. . . . . . . . . ........ . . ....... . . . ..",5
I love this game because it is so fun and entertaining,5
Super fun! I love this game.,4
it is the best game,5
I love it girl 😂,5
why is Tasha small,5
it's very fun to play,5
Nice And Fast paced,5
it really relives my stress 😩 from the world and is fun to play when bored,5
this game is all the best release date,5
this game is amazing i love it so much it has many challenge also that makes it amazing but one thing is in events there should be the game of tree/branches which was before plz other it is very nice /superb game 🎮 😀 👍 😉 👏 😄 🎮 😀 👍,5
this game is peak,5
"Because I scored at the game and had the value 3291 but in the rank it shows only 3271 how is this possible, if I didn't pay the fee of ticket that's how this game treats me and I always used the free tickets is this the reason u find this way to not rank me the first.",3
so fast 🤮🤮🤮🤮🤮🤮🤮,1
i upgraded my reflexes and ngl it gave rockstare vibes even my bro knows this game i bought everything even unlimited evrything i recomend this app when your bored or even have free time this app is perfect😁,5
'Subway Suffers' is a amazing game 🎮and to attractively 🧲 fun moments in this game 😁,5
its super great hood job on makeing this game🏃‍♂️,5
I'm playing 4 years ago and subway surfers game is very good 😊 the game is good for kids,5
I love this game soooo much . Thank u sooooooo much sybo games to bring eater ireland 2026 same sound track and level like 2024 I love . thank u soo much please bring it back again in 2027 I am glad u accepted my request . Thanks to subway surfers to bring joy in my life . I love this game .....❤️🥰,5
experience is very good but not fast,5
I enjoyed the game but I was very furious when I saw my account gone and I had to start all over again like 2 times it has happened now and I'm very angry they need to make inprovemebts on that,1
"annoying, once I wanna play last time. I get irritated cause I fail too fast or it was like too easy that I failed and I play again and again, this is good in a way but also bad in a way too, so, yeah, love subway surfers but you know not bad but not good iykyk!♡",3
Good though,5
i just love this game❤️,5
really fun and works without internet,5
We need some features to be developed in it. 1. The Promo Codes Should Have More Days Of VALIDITY. 2. Why The Chance Of Getting A Good Amount Of Money From The Mystery Box Is Very Very Very Low ? It's Not Fair To Get Only 300 Ruppees By Spending 500 Ruppess. 3. There Should Be Valuable Events and The Gifts Should Be In The Form Of Only COINS & KEYS.,4
this game is very good!!!,5
Its my first favourite game Very good 👍🏻😊😊,5
best game for children,5
in my opinion this is better than subway city,5
It is a nice experience to play Subway surfers with friends I loved it,5
very nice game must try 👍😀,5
A fun game would recommend,5
"if I have to go through pages of vendors to remove consent, I'm not playing your game, uninstalled.",1
it's the best so far i thank SYBO so much I Love this game.,5
i love this game so much because of the coin dodging video on YouTube it's very awesome :),5
fabulous and fantastic game,5
I like the new update game fells so good. but ads in this game ruins the experience.way too many ads. I want to play the games but when ads intrupts your game for around 1 mins between each game then I losses my interest to play this game.,2
its good,5
very fun game it's old but fun with a new update and the best part is you can play offline too,5
best game the most exciting game ever the events are just too good,5
download speed bad,1
"Everything in this game is the same as before, which is a good thing, but please change the game's graphics. Keep the ones from the very beginning. The new graphics are not good at all, and it's not fun to play either.",5
It's a good game I like it,3
"i just love this game , but one thing I don't like about it and that is they ask the money 😤",5
this is fun no any lag or gitch and this is super fun,5
Good and improve reflexes and reaction time who agree with me,5
It's my favorite childhood game ever,5
I LOVE THE GAME I HAVE 43 PONTS AND YOU CAN GET AVATAR AND PLAYERS AND NOT MUCH ADS!!!!!!,5
I love the game,5
it's very nice game and I have been on first position in the world also that's why I like this game very it is very nice and to pass the time it is also good and I like it because it is very nice game and we can concentrate on that game I like this Kim so much I like the Subway Surfers I love you it's goodvchg बहुत oz conscience,5
I love this game,5
"bro, the best OG game EVER",5
what beautiful ❤️😍 😍❤️ game,5
this is really worst game because the phone has get more heat and hang it self for sometime so better don't play this game for more time in a day,1
this is very nice game,5
the game was good it is endless,5
"entertainment is endless as same as this game.when someone hears the background music,he or she gets vibe and fill with fun , joy etc..",5
The bestttt,5
Very nice 👍 are you ok with that then and you are son of a woman who lives with me and I can do the 🤪🤪 hhhhhhh Bye bye very one,5
this is good for brain,5
it was a wonderful game,5
very interesting 😎,5
"I'm not going to lie, this Game is really nice👍🙂",5
Subway surfers is my childhood game and it is relaxing and feels more good now .It has many updates now I love one of them which is floor is lava.,5
this game is the best game I ever played also the graphic of this game is very excellent,5
nice showdown update!!!,5
playing since childhood ❇️,5
subway!! i'm here,5
is my fav,5
it is a great game it has so many good things about it and it is not lagie at all. it does take a while to update.,5
It's really good running game. It's always no. 1 for all time .,4
it makes me happy when I play. thanks for creating the game,5
I love subway surfers,5
it is so much fun that you can not even expect,5
this game is not good but amazing 🙌 👏,5
very bad and no speed in the score 😞 please check that.,1
Please any funny hoverboard and season,5
the best game ever,5
is a very fun game,5
"Ads that you can't skip, I often play without internet to avoid Ads..",2
super game and super game and men ❤️❤️,5
very nice game,5
IT'S SO FUN FDGhHHJjJvshdhdhhs Play it RIGHT now,5
this is nice 💯,5
good app for me .i love to play this hame,5
its fun great but after a run there's a long ads,4
it good for when you are brod,5
it was super fun but it was taking me out of the game.,4
IM NOT DUMB????? WHY DID IT NOT UNINSTALL WHEN I UNINSTALLED IT I USED FILE MANAGER > APPS AND NOW ITS BACK? VIRUS DONT GET STUPID,1
this game so good I love to play at free time and complete mission 🔥,5
Boring and I am not interested in playing childish games. I am 68 year old lady,1
"solid classic I really doubt this even needs a review at this point, I mean, i wish it was easier to get keys but this is one of those 'pass the time' games so I dont really care who I play as, dopamine rush from high scores is still high as ever, ive deleted this game for space and then re-downloaded a million times over",5
"Apparently the gaming profile was not automatically connected, and thus my progress and purchases were gone after reinstalling.",1
"it's so fun I play it with my sister and we try to beat each other's high score,",5
absolute gaming experience,5
I really love subway surfers because u earn prizes and more!😘😊,5
"awesome game. only complaints are that it takes so long to win decent rewards, like new characters, ect. and the ads are annoying, but then again all these games are like that.",4
I Love This Game Is Fun And Am 3Third In The United States Love This Game,5
the nostalgia of playing this game hits hard,5
fun adventure boy when you start moving fast God help you,4
why is everything i unlocked now locked after i reinstalled it,2
Kids : Play games for fun . Adults: Play games for fun too+ escape real life . I guess🤣,4
so good and addictive! all together in one!,5
I love subway surfers it was my child since 2015,5
The most thing I love about this game is the seasonal changes,5
superb quality of the game,5
so much good game and the special part is this game is offline i LoVe ThIs game so much broo!!,5
"Most of the things (Spray, hat, badges, costumes etc.) are useless. While most of the missions ( collect 5 keys, 6 words, roll 40 times in one run etc) seems impossible or not easy to complete after many tries. That you you have to spend thousands of coin to pass the mission. What a nonsense.",1
It is so fun to play and I love the skins and it is kid appropriate 😎,5
"showdown section is not showing on my app, why?",3
the game is best game,5
this is a very brilliant game but the thing I didn't like is EVENTS are not opening fast,4
to much adds after each game,1
I love this game,5
this is very nice game,5
the og mobile game,5
goated game but might get bored if u play nonstop,4
This is a good concentrating game and I'would like this type of game !!,5
"DO NOT PLAY SHOW DOWN, THERE ARE A LOT OF PAY TO WIN PLAYERS!",1
This game is so good 👍👍 And nice game for kids,5
Wonderful and entertaining game. Very nice visuals and user-friendly interface. Great experience.,5
this game is cool damn!!!,5
this game is fun to play,5
we want some changes and subway surfers Afghanistan scene,5
this game is very great,5
I love this game so muchhh🥰🐾,5
I like this game soooo much I need this,5
I want meow skin free,5
dont give too many keys. is unlimited,4
it is really amazing,5
Its so good...but sometimes it shows gifts..but when I check.. Theirs nothing.. 😑😑😐😐,4
nice game bacchon ke liye perfect mujhe game bahut pasand hai net free game hai,5
it nice and those not use data,4
Best offline game in opinion🫳,5
the game my whole family loves and plays from our prime dyzz!🤍,5
OLD is GOLD . . . . . .,5
is game so amazing and Jack is very fast and Chacters So amazing oh my God is game Showrace oh my god guys is try,5
the game is vary very nice ❤️❤️ My years is game 21,5
I love this game,5
New things arrived u can play with other players too I like this 👌,5
FIX YOUR GAME I CAN'T EVEN WATCH ADS TO GET STUFF BECAUSE IT SAYS CANT LOAD,1
"This game has over 5 BILLION downloads, that should say it all",5
can they add JJK characters pls I've been waiting for that kind of update,5
A Good Nostalgic Game,4
very good game to play when we are bored and when w e don't have internet,4
"This game is very nice I have been playing this game since my childhood, and I'm still not bored of it."" please Collab with BTS ♡⁠♡♡",5
Its a very fun game.My entire family play this game.We all like it.,5
Best game to play in the toilet in my opinion,5
i like it very much when I was stressed so I play subway surfers and my stressed is gone.,5
very nice game,5
death after 10s of millions aint fun.,5
hi guys this game is graphic game most people use the game so it is usefully😊,3
simply good 👍😊,5
this game is youina,5
subway surfers is an offline game and there are 1 % chances that you get bored 🥱 because it's give you many things to experience like it's take you to at sky.,5
this game is good for me,5
Great,5
this game is too good 👍😊😊 I really like and love this game.,5
we want old music plz subway surfers plz old music and I give 5 star's,3
"app is good but EVERY SINGLE TIME when there is a season hunt (easter egg for example) YU CANNOT COLLECT IT FROM A TRAIN.. lemme elaborate, basically everytime there is an egg on a train and you have to jump to collect it, IT DOES NOT JUMP and it's literally only for this... egg or lik the sodas (soda rush) IT DOES NOT JUMP and this is only on a train too everytime, esp when yu get on a train too but it does not jump.. PLEASE FIX THIS",2
i love playing this game it's very intersting,5
cool,5
This s game is literally fun for kids,5
Bestest and a very nostalgic game,5
very nice app,5
best game bro SYBO is the best,5
experience was good....but...abb game chl hi nhi rhi...there is some issue with game...,5
cool game 😎😎😎 you good 💯 my love is my love 💓😘💓😘 love you too baby,5
That's a really really good game it's my one of favorite childhood memories,5
very very beautiful game,5
this game amazing,5
"love this never gets boring, even works offline ❤️",5
"Hello SYBO team. Love Subway Surfers! Please add more creative maps like Space 🚀, Underwater 🌊, Jungle 🌴, Cyber City 🤖, Desert 🏜️, Volcano 🌋, Snow Mountains ❄️, Candy World 🍭, Haunted City 👻, Sky Islands ☁️, and Ancient Temple 🏛️. These would make the game even more fun and exciting. Keep up the great work!",5
it was good !,5
It's a amazing game and this game will be never bored,5
its fun not to hard,5
very nice game,5
I love this app it is amazing,5
I love it more run to play😊,5
"love this game, it really helps reduce alot of stress and helps distract me in high anxiety and stress situations.Even if im bored at home it really helps as just something to play whenever really. And they don't even force you to watch ads unless you want too for a reward.And iv been playing it for years.Best game on my phone rn lol",5
perfect for long rides,4
beast game 🎮 my feworeat game,5
it's amazing game I love it,5
this game is so awesome this is the first game who is very smooth I love it so much 😍,5
"Almost 5 years of playing Subway surfers, visiting a lot of countries like world tour, having different surfers around the world but it's too boring to always visit places like tokyo, Oxford, Greece, USA, and so on. I want a new place, we want a new place like fresh on our eyes, like the Philippines, Belgium, Russia, and so on, also we want extraordinary surfers like Fair, Angle, and different kinds, but for me the place I want to see in the game was Philippine, I want to see a pinoy surfers.",4
this game has such a great gameplay and relaxing whenever your stress about something,5
Its so fun and so easy to play this and have characters and boards Everything is Detail Characters and Boards,5
"it's fun and entertaining, able to be played off wifi! And you can connect with friends. Also you can race, which I think is really fun. I love the upgraded version, with new fun characters and themes, like Easter!",5
Game not loading...Game gets stuck at 84% loading,4
very good game to stimmaxxx on if ur not buns at it nobody can top me on this game but yea keep playing it so they can update this more,5
"One of my favorites 😍 I love everything about it, the coins, the hover board, etc",5
I love the app,5
fun loveable app should download,5
"The game is nice but i'm taking away 2 stars because the audio has a bug, after an ad (mostly forced ads, drop those please it takes the fun out of the game) the audio is muted. I have to quit the game and reenter to fix it. The powerups don't stack, it'll be nice if they stacked.",3
yea it's me again and yetmthe game won't install like it hates Samsung tablets,1
"After updating it, all the coins and keys disappear and I have to collect them all back.",3
nice game it's generational the updates just keep getting better and the showdown launch made it even more better. pls can they like make showdown races longer and more race courses for the showdown it will make the fun last a little bit more longer,5
i forgot this game existed yay i hopes dat the normal backround music comes backs and maybe i can changes it in da da settings idk but after years coming back to subway surfers there are so many setting covering the screen,5
I really love playing subway surfers it is a very challenging and fun game to play everyone needs to try it,5
is nice game,5
Good way to pass your time when you are bored,4
very nostalgic game. btw forgive me for playing the game using mod apk,5
It's really fun and it's an offline game,5
one of the best game to be created and still the best for like 11 years,5
"I have been playing this game since when i was 2 and it helps me relax my brain and I also love Jake the play in the game I am proud of sybo games,they even created a game where modern one person can play,pls always rate them 5 stars★★★★★",5
cool,5
love this game,5
this game is actually not bad at all,5
it's a good game for timepass and its also good for kids like this game has everything that you can imagine 🙌🏻 😀 💙 i like it I gave 3 star and I didn't give 2 because of this game have so many purchases you have to purchase a avatar. if this game has a system where u can buy every avatar with game coins that would be so good!! I really wanted to give 5 out of 5 but I can't because of the purchases that we have to buy for smth good avatar so it's kinda good game. and I think its kinda bad to,3
best og game since childhood,5
"This game is good, I can spend time with this game",4
I like the game 🎮 it is very nice game,5
The game was so good and funny.But the ads are so many in the game.i guess the game is better than subway surfers city.,5
how many games i like it is one of them it is is a game of legend i like it very much,5
exelent very good 💗💗 I AM IMPRESSED 👍 THANKU SO FO YOU SUBBAY SURAR,5
"nice game, its trending btw",5
"In the game I have scored 11,110,000. The score is not showed in the top run. What's the problem?",1
this game is a best game for motivation and new destination excitement,5
"This game is great. I love the graphics, movement style, and that you can slide and dodge trains right at the last second. This game is fire. No chat, very safe, and no violence.",5
been with this game since I was a kid,5
this game is really best game love it 👍,5
itss nice,5
Timeless Classic,5
best time pass game,5
good and peaceful mind set bro's game,5
this is a kid friendly offline game with no ads depending on your phone includs Lots of cool characters and I definitely recommend this type of game for people who have anxiety or depression .,5
Subway Surfers is so much fun to play,4
THIS IS MY CHILD HOOD BRO,5
deter than most running game's.,4
its boring but its cool ig update you should make the app go back the og theme after the event cus i would LOVE to listen to the old og music,2
It's a simple amazing game 🎮 👍,5
It is an old emotion but not now 😭😭,4
I like the new features of raca it great,5
subway surfers like love,5
honestly it's my fav game,5
its very comfort and kind relaxed game love it,5
a fun game and we can play it offline and online also as we want and this is available for all AGES I love it and after update it has very new features you can try it is a very fun game. thank you everybody. bye-bye,5
The best,5
I like this game,5
"This game will always be the best game for me. it's where I started and in my lowest, it's where I come to feel comfort and love. please never let it die",5
over all is good nice game,4
"it's an amazing game, I have known this game and has been playing it since I was a kid and it's a really stress free game",5
"YOU NEED TO ADD A SENTIENT TRAIN WITH ARMS AND LEGS AS A CHARACTER, RUNNING ON OTHER TRAINS. IT WAS REVEALED TO MY WIFE IN A DREAM. And make a board that's also a train, or just the train character folding itself in half to use as a board. I'm definitely not delirious at 6am playing Subway Surfers.",5
Not really nice but a bit like a picnic,1
Lotts and lotts of fun and pleasing on the eye .,5
that song is not good,4
Very nice 👌 and addictive,5
not good but not bad,4
"I give the two star to the game by this cause there is no option of messages to talk with friend but the game has very good This game, which is not worthy, is worth five stars, but I am not giving it for one reason, because there is no place to send messages in it. Please, the company should include these messages in the next update.",2
I don't find any ending,1
pichakontla game waste puku game idhi,1
I like this game very nice,5
it's good and I got addicted,5
do you like the game,5
they don't give me every gadget I eant,5
its very good :) and moreover it can be played offline tooooooo I think it has nice objects that's it,5
This game hits both the vibes of memories and hyperfixation,5
i love the game so much. The events are sooo exciting . overall the game was soo good,3
best game like I lovee it. when I wasn't even born my father and my mother used to play this game and now I play it,5
wow this game is so amazing this my favourite game,5
this game is very very nice its awesome this is also one of the best game that I have played,5
It's fun,5
I didn't try it but I feel it,5
it is a great time killer,5
this is yarry good,5
I love this game you can play with or without WiFi and there are no adds!,4
best game ever and relaxing game,5
Why I wasn't sent Rosalita in my mail even though pre registration community goal reached 25 million? Send it to all of us for 5 stars! The event ended but it's unfair I really wanted her because of her unique art style. Edit: Can you please send her to everyone's mail?!,1
I love this game soooo much,5
i love this game since i was a kid,5
looks rad 👌 I love this game,5
ONE OF THE AWEEESOMEEEEE!!!!!!!! GAMEEE WHOAHHHHH!!!!!!!!,5
this game is really fun thanks for the game,5
it's so fun you guys have to try it,4
whenever I play this game my mind relax,5
Very interesting game,5
BRING BACK ZOOBE!!!! WHO EVER WANTS ZOOBE TO COME BACK SAY IN RATING BRING BACK ZOOBE!!! AND ADD THIS TO UR RATING IF U WANT ZOOBE BACK #BRING ZOOBE BACK! FYI CREATORS PLS BRING IT BACK THERE ARE SO MANY LOST MEMORIES ON ZOOBE MAYBE U CAN MAKE IT POPULAR AGAIN!!! I BELIEVE IN YALL🥰,5
"playing this game from childhood , this game is absolutely amazing for me and nostalgic ❤️",5
it's cool,4
i used to play it back then and maybe everyone played this game since the iphone 4s and 5 were released😊😊😊😊😊😊,5
it's a very good game it works with out internet and it's fun to play. you can even challenge your family or friends,5
Very fun game. Haven't played for a while and a lot of great upgrades. Kind of wish it was still the same but now there's more to do and more characters. But overall very fun game would recommend to anyone! 😃,5
Daily quest completion problem. The seasonal quest of collecting a gold medal or higher in not achievable. something is wrong with that otherwise it's a very good game and by completing daily quest we are not able to collect 5000 sneakers token. Kindly fix these issue.,1
"Subway Surfers is not just a game for me, it's an emotion ❤️ The game is very amazing. Its graphics are great from start to end, with smooth gameplay and colorful environments. Every update used to bring new cities, characters, and boards, which made the game even more exciting. The character Jack was my favorite character. I used to play every update of Subway Surfers. Completing missions, collecting coins, and beating high scores was always very fun 🎮✨ Earlier, this game was so interesting",5
"lts very funny and entertainment game thief and police game l sooooooo, like it and it's offline game trust me you all install this game that I mean it's Soo good all type people are So like this good❤️❤️",5
Fav app of altime,5
This is best out of all games I like all the challenges anyway this is best for me and hope you will like TRY IT,5
A little add🥲,4
I Love This G@ME,5
because a no free game,3
subway surfer is best game ☺️,5
offline Best,5
this game is the best the updates nice the features nice the characters the best,5
"veteran player here, good updates and new characters that still keep the game alive and feel fresh but making so many things exclusive for money is not what I enjoyed much. Ruined the experience for me overall because there are characters and other stuff that I want to unlock but can't due to the new surfer pass thing. otherwise I would have rated it more",3
The game is so easy and you can play without a internet ✌️☺️,5
It's good for passing time when u have nothing to do. I would recommend this game to be played when u have nothing to do,5
new game Subway surfers city but still legend The Subway surfers game my childhood memory 🥺,5
it was so amazing I always play this game when I have free time,5
best game of the year,5
bro this game is trash,1
old is gold 😅,3
that was a very good game l git many bundles with adds that was amazing their features are great the players and outh fits are awesome,5
this is a fun game no complain about it,5
"game is fun, can deal with the optional ads for rewards, but the forced ads that are sometimes as long or longer than the optional ones is where you've lost me. won't be reinstalling until forced ads are gone.",1
pretty good,4
very good game I play this game for 2 years and a like it so much there is I few bugs but it's good just fix small bugs and can u put brainrots event like ting tung tung sahur and tralalelo tralala. plzz,5
it is fun for all ages,5
super fun and offline such a classic with frequent updates it's fun to play,5
very fun and enjoying game to play on your free time,5
it's one of the best games,5
I am in 2026 but i am back in 2016 i love the game,5
Great. I have no issue with the app,5
This game is justtttt🔥🔥🔥,5
I love the games and coins hahaha! 💀,5
I love this game its too much fun.,5
love this game never change it,5
it's a good game with cool characters,5
good game try this,3
unemployed game detected. but ads. no ads pls,5
When I tried to play next day it was showing that connect to WiFi but I installed it just because when I don't have Wi-Fi access.,3
This is a brilliant game which consists of no ads (it's optional whether u want ads or not)I would say that this is the best no wifi game in my list I would like to share the information about this game subway surfers is good for everyone from age group of 9 but it should also be played in a limit,5
"Hello Team Subway Surfers, I'm telling this two times about in the Showdown event of this new season, the number of trophies remain constant even though I played two times. Is this a cheat? I don't understand why it remains constant and the trophies I've won is not counted! this is not Okay!",1
"It is good and funny 🤣🤣🤣🤣🤣 l like this game because of the game,the surfers and first we play you will give some coins and keys to unlock them all and this game will not ask any money to unlock any characters only or money should be given what we collec and Easter also arrived soon to get the prices and I was excited to give the Easter. it is impossible to get bored as soon as I am playing as one or two or good to play bye-bye.",5
for children,3
what a game,5
myy game is crash for 4 times and i really dispointedd,3
Nice Running Game ❤️ I like this game. thank you. ❤️,5
"the game is good but I'm giving a low rating due to the game restarting and making me lose all my progress (characters , coins , boards etc) even when I'm connected to Google play and Facebook the game still doesn't save my progress I even play online all the time to make sure it restart but still it does this is the 4th time it's happening the last time it did I contacted support and didn't get anyone to attend to me , I just hope they fix this bug really soon",1
hate the update version,1
this is the best game ever,5
it's very nice and also has a lot of mission,5
badhiya sa badhiya game offline and the zoo is right to be there for you are you is 💋 you are I am not 🚭 you 🥺 you ❤️ the zoo is the zoo in the zoo and aquarium in my life 😀 the bank and trust online 😍 you want the same way you I am not Itrust 😍 you 😍 you want to be true and the same time as the bank 🏧 the bank and the zoo in,5
this is a good game 👌,5
it Is very but guys be serious we only use when it's boring but yea amazing game,5
the best game for offline games. if there is no internet and you are bored of other games you should try this. And no doubts about this:),5
this is offline very good,5
the best app very,5
it is a very good game I can't stop playing even the whole family likes it 😍🤩🥰,5
still refreshing,5
fantastic game I played since childhood,5
I love this game,5
this is a fun game to play and funny cool,5
Its actually pretty fun and you choose if you want ads so you really can play without ads if you want unless you want to add multipliers to your rewards.....FINALLY a game that wont annoy you with 1 min of adds for every 2 min of gameplay.,5
nice games in the world 😀😀,5
Thank you for the part of the childhood memories and great experince,5
it's very fun,5
fist I think this is ancool but now I so love this game thankyou,5
"Easy to increase your score, and is fun if you want a simple game.",5
boring,1
"the game is fun and addictive, I love this game, endless fun but there is a problem, when I got back, my progress was gone, I played, but it happened again. Can you fix this?",4
This game is so fun you can play off line to and it is appropriate for little kids 😉,5
subway surf is playing all ages. It's playing very good interesting. viswam neyveli.,5
"it's good I've gotten a high score of 350,000",5
One of the best games,1
this can is really good ican full play this god without network connection is really good,5
it's really great I'm really happy I can play without wifi and it's just really good,5
love all the pepole,5
the activity good game I have ever played my life,1
it's a fun offline,5
It's fun,5
great game,5
"I love this game, this game is amazing. I literally addicted to this game called ""Subway Surfers"". The characters is a bit expensive/too pricey, but it's worth it! because the characters have a unique outfits. It's so fun to play this game! I recommended this game!💗",4
"this game is very awesome i love rhis game ♥️♥️♥️♥️♥️♥️♥️♥️♥️♥️♥️ ,❣️❣️❣️❣️❣️❣️❣️",5
hey subway surfers devs so ive had this game since I was a little kid and hav recently gotten a new phone and tried logging back into my old account which had heaps of characters and boards etc but wont let me log back in even tho I had Google play games signed in and all would you please try help solve this as I really enjoy your game and wanna keep playing but is a big let down losing all your stuff cheers,4
best game for time pass....,5
it just the og,5
I enjoyed the game I rate it 10/10,5
it was so much funny it was a crazy king I like it's the world as beautiful game 🎯 1238 I was loving it was a lovely and 500 cutest games I love it the Subway surfers the most face game there was no and there was also some players that have so much funny and funny video new app new awards are available achievement,5
it's fun to play and give you something to do when there's a power outage or whatever you get to compete with friends and unlock a lot of new stuff I really like it because it's fun and so it's fun but yeah I wait to survive doors but yeah ❣️❤️❤️❤️❤️❤️❤️❤️❤️❤️❤️😊😊😊😊😊 so much fun with everything,5
hello sybo I like this game very much but December 2025 my game I'd is gone I play this game last 9 years 150plus character same have a board if you tell me what happened to my id after this I hate this game,5
i have only three for this game. the best games,5
Amazing for children under 12 years .,4
the best offline n online game ever,5
Love this game,5
it's very interesting 😎🤔,4
I lost my my lost my facebook data accept i connected with it . please help me facebook team.,1
best offline game by far,5
love this game❤️,5
"Subway Surfers is a timeless classic! 🚄 Not just for kids—this game’s fun for all ages.The gameplay is smooth, the art is vibrant, and it brings serious nostalgia. Huge shoutout to SYBO for keeping it fresh all these years! 🙌One tiny wish:would love an offline mode, and maybe ease up a bit on those character prices? 😅 But seriously, love this game to bits! I loved the Brawl Stars update, especially the Showdown! Please do try this game out!💙P.S:Thanks for Introducing Joo Won!Showdown time!",5
love the game brings back old memories of playing it🙃,5
really good game but sometimes to much ads but really good really recommend it,4
Because it is my favourite game,5
this is a good offline game I play it when am bored playing roblox I play with my friends aurevoir,5
one time to play,5
awesome 👌 gaming experience 😎 👍,5
"Its basically the offline dino game on computer but heavily upgraded and update with a high score so that if you have a friend, you can see who will get the highest score.",5
whenever I want to play showdown the servers are not responding why is that?,3
I love it so much play it,5
I am so happy and excited 😊😊😊😊😊😊😊😊 💞,5
it's relaxing and you can play with others,5
this game was very nice,5
Amazing game to play for fun when your board honestly over all it's my favorite offline game.,5
I love this game and when I read the story of this game then I get emotional but I like this game very very much the creator of this game Is op bro,5
For me it's actually the best,3
the best ever🤌,5
one of good game and beautiful graphics and super music and super events colourful events I like it this game one of beautiful,5
If I move my surfer it doesn't gets moved.. bad game,1
It's just fantastic fav game from my childhood......,5
after you reach 6000 without any key or hoverboard or ad there should be a treasure of diamond in a secret place,3
They are nice100000/100000,5
Nicee game,5
This thing isn't downloading. It is rubbish. I hate it so much,1
it's very enjoyable and I love to play this game very much,5
it's game is very good,5
man it's nostalgia it is my childhood games since when i was 5 years old,5
it is easy for kids and adults,4
it is good but you will get bored easily after some time,5
It is an amazing game. There's no need to explain. Just play it,5
Nice game. Really interesting. It can be activate my mind. Thanks for this inventor,5
I love this app. it's interesting and very exciting.,5
I love this game because I don't get bored from this game. this game is awesome.,5
I like the game and it has different places and more difficult like the floor is lava,5
this game so cool and my favourite I like it,5
this is a good no internet and a child game,4
It is a good game for intertainmain.It has to more high score.,5
It was fun and it. was awesome.,5
Omo this game is killing me,5
this game is 10/10,5
I don't know how I explain but I lost my all game progress just because I accidentally started game before logging and then I logging my In game account all progress are started with new game please help me to get my old progress back 😭😭,1
This game is very intresting to me when i am bord,4
-ii love this game,5
love it best game,5
very super game hehehe,5
"this game is rly fun! it works offline, and there's a lot to do. to me, the only problem is that I get kinda bored after playing a lot, but it's still fun. it also brings back a lot of nostalgia because I used to play this game when I was a kid. would totally recommend!!",4
"I dont know why the game crash, the crashes are horrible, you loss every last achievement game.",1
it's addicting,5
it's very cool game 1 problem bundles coins me rakho,1
this game very good.I give 5 star..,5
I love this Game I play it For Time Pas And It's Offline,5
it's perfect,5
I am a Karen and I hate this game it's the worst is so inappropriate and why would I help him try to escape from the police oh my God what do you young kids now want to do this back in the day I was at the coal mines (jk I am not a Karen and this game is so nice to play on an airplane or on a little road trip if the best game and I love how you can get a skateboard this game is definitely a five-star)★★★★★,1
others dont have money to buy things others are kids where would they get money if they are strugling please less adds and use of card money,2
I haven't played this game in years and it's still so fun to this day 😁,5
good for timepass,5
verry fun and cool,5
"Subway Surfers is a fantastic endless runner that continues to shine with its colorful visuals, smooth gameplay, and exciting pace. The characters are fun, the controls are easy to master, and the constant updates keep players engaged for hours. It’s a game that appeals to all ages and never feels dull. However, the World Tour locations often repeat, like Rome appearing again in 2026 after 2025, which slightly reduces the sense of freshness.Add Completely 🌟🆕 locations seen never before.",5
Playing this causes the phone to hang.,1
I love it...it's so nice 😍,5
nice only but full concentration is needed nd we can't lie down nd play this game,4
"this game is so great to the extent of getting addicted to it 😁. but however I have issues when I want to transfer my account from my previous phone to my new phone, despite having link my account to both Google play and Facebook . I lost my account forever. it was such a pain to accept. I was even angry for some months but I still came back later playing it because I too much love and miss the game 🎮👌🔥❤️",5
3.5 theres alot of adds and wait..,4
reinstalled from a saved account and none of my characters or boards that were unlocked are available.,3
I rate this game 5 stars but if there is an option that I can give more stars I rate this game a 100 stars but I wish super runner Jake return please because I missed last time for some reasons please 😔😔😔 Edited: thanks for super runner Jake❤️❤️❤️ Edited on 4 April 2026: where is the show down update for pakistan pls update the game for pakistan❤️❤️,5
love this game played it si ce I was 4 or 5 till now amd I always download this game first you can play online and offline keeps you entertained for so long I basicly play this game over any other game because it keeps me interested and entertained for so long you get to do challenges and unlock new characters and rewards along the way just wish the original ones were free but no complaints because thre isn't something to complain about download it people!,5
nice best offline game ever,5
is advanced and there's lots to do as such as events and you can claim awards but takes alot of GB,4
I love this game because it is offline 😇 And I still play this game I have all the characters 2026.4.18th,5
"I love this game cause i can play anytime anywhere also sometimes ive been having bugs when I try to jump,roll,or go left or right i dont know if my fingers just dont work properly or the game still the game is cool!!!!!!!!!!!!!!!!!!!!!!!!!!!!!!!!!!!!!!",5
it is funny personally to me it teaches me to keep going no matter what u fall play again get up it's a fun game,5
this is a fun game,5
It's a so good game.. I really appreciate this game.. it's been 6 years I'm playing this game,5
great game to play when board ads optional,5
how boats which is very very good I love the game very much,5
love this game I'm obsessed 😍😍,5
This is a very good app we all loved it,4
hibe game,3
Its too cost !!!! and so bad game,1
this is super i love it,5
I love this game time pass karne ke liye best option hai,5
"wow beautiful game is game is so beautiful try this game okay wow super game,👍👍👍👍👍👍👍👍",5
I love the game and the parkour in this game.,5
this is my fav game,4
I want to download subway surfers,5
this good game,5
fun I was motivated and reflex so ya,5
it is good and you can get cool thinks,5
"I'm so glad I have this game. The game had been completely revamped over the years. The new modes are very engaging,and the rewards are very good considering the time played. All in all,a very great game.",5
I like this game very much I in one game I got 3000 coins you can play this offline and online I suggest everyone to install this subway surfers. Now's event is Easter Ireland.Download Now!!!!!####!!!,5
nice game in the world 🌍🌍 💕💕 we love it l like all games but thi is my favourite game 🎮🎮🎮🎮🎮🎮🎮🎮🎮🎮🎮🎮 love 😘😘😘😘😘😘😘😘😘😘😘😘😘😘😘😘😘😘😘😘😘😘😘,5
I just love the game.,4
offline but it will be better if you can play with friends,4
some times the games lag very much that i cant even play 🤧sorrxy for baed english im thai.................,4
"For me it's so hard when it gets faster, & faster but me I get to leaderboard by playing it one year, & yest I only have 1.8M+ High Score I'm SurferLinyx",5
we need more features in it pleasssssse.,3
Nice 💛 game,5
this is the best game ive been playing this game since I was 7 it's sooo good,5
it's great,5
I hate the music,1
I like this game very much 😻,5
Worst game,1
good time pass subject,4
super without internet it is working so much happy 😊😊,5
you want to give us old experience,2
thrilling exciting,5
worst game ever nothing new inthis game I don't recommend it to play 90s game undeveloped,1
this is to much good game,5
this is so nice game,3
This is good game,5
nice and good game the game is good if you dont have wifi or moblie data,5
its a nice game espescially because we dont have to use wifi so we can play at anywhere anytime even in flight,5
The game is interesting and easy to play. it helps me get through stress and it is very enjoyable,5
"super game.but,i can't claim season hunt rewards in tier17 to 31 in same date",5
I like this game so much,5
the game is very fun and enjoyable l love it very much,5
ngl this game has developed good u got many good events but I got a request can to add more power ups,5
If we can play with friends online then I feel more excited to play this game more and more. Those friend that we added in game😀,5
this game is nice game,5
this game was a blast for me,5
"they updated my game and I lost 30 keys 100 hoverboards and all of my characters this is shameful. They wasted my time , efforts and hard work in this gameee I need my game backkkkkk I need everything backk that I gottttttttt I want them backk and if I didn't get back please update all the players game",1
It has everything it should have,5
very good game,5
great game no doubt but from past 4 weeks I m unable to add my top run achievement into season quests achievement. It's so frustrating not able to achieve full season quests. Please check this setting. please check this setting. please check this setting,4
"Although there were ads, the grapgics was amazing and there were no bugs.",5
Pretty Just Prettyyyy 😍 Love Everything It's A Classic!,5
My favourite game ❤️,5
good timepass patner🥰🥰,5
This is quite a fun game. It does get quite repetitive after a while. Downside is that after every round of game you play it gives you an ad regardless of if you chose revive or not. This can get quite frustrating. overall okay though.,2
It's a very good game,5
the new season character rn is so hard to get because ITS SO UNBALANCED...THERES GOOD PLAYERS AND BETTER PLAYERS AND BAD WORST MIXED IN ONE LOBBY AND ITS SO UNFAIR....,1
This game is very good and lovely 🌹,5
Nice game ❤️🥰,5
this game is time to time hard,3
very interesting and best for offline gaming,5
This is such an amazing game.It is so fun to play subway surfers.It can be played offline and there is no ad to make bore.🙈💓💜😘,5
hey sybo games I wanna say subway surfers is my og game i remember when I was 4 or 5 years old I loved playing subway surfers but now I can't play since you released subway surfers city and also my phone name is vivo y12 pls fox this,3
I love this game so much 🥳🤯🤯🧑‍💻👾,5
one oylf a kind experience,4
this is the game is not khatam hota hain,5
heavenly,5
the game is good nice to play and concentrate,5
"Seasonal quest 'win 1 gold medal or higher' has been broken for a while. Collecting gold or higher every week, but never get the reward.",1
"Didn't get Fresh portrait because finished Copenhagen one minute too late. And the last time that event dissappeared several hours before it should have, during the day, and not at 12 a m. Also whoever thought that backpacks or revivals granting backpacks in events that are completed only by collecting things on the ground is a great idea and not an annoying waste of time is not that smart. They should be disabled in this events like they are in mystery hurdles.",1
It's Aight,5
its very good game even it doesn't have wifi i can still play,5
it teaches us to chase our dreams i love it,5
one of the best games and also natalgic,5
"this game is amazing, a great time spender. i love how it gives a story to the gameplay and unique characters, and there's also representation! as someone who's LGBTQ+, when i saw pride flags in the new york map i almost screamed with joy. it's hard to get bored, there's so many things you can do like quests and event updates! ads aren't much of a problem, either. they don't really interfere with runs and are mostly optional.",5
I love it so much so can I get a free thing?,5
"it fun and nice but I don't want any spoiled kids shout and be very annoying if they lose so if you have a spoiled kid and you don't care if they are annoying this might be tha app but if you are the kid I got a message for kids ""you are a spoiled kiddo but if you be mad just breath in and out to calm down so please if this is annoying for you kids I'm sorry but not all of you are spoiled kids"" have fun and be safe cause I dots want anyone to be hurt or anything",4
this game 🎮 is tight 👍🏽 I can't stop 🛑 playing it,5
It fun :3,5
I request subway surfers to add multiple players online as soon as possible ☺️🤍,5
I play on my down time to burn some time. the game play is good I enjoying from time to time.,5
"Subway Surfers is a fun and addictive running game with smooth controls and colorful graphics. The gameplay is fast, exciting, and never gets boring thanks to new challenges and rewards.",5
Nice and fun game play it when I go on road trips really love this game.,5
all time favourite and loyal game 😎,5
This game is absolutely amazing and fun. I'd totally recommend it! I have a suggestion U should do. Can u make a surfer called spooky surfy on Halloween?,5
"so fun, kid friendly, awesome, and it doesn't make u watch adds, and no internet needed, this game is a 100/100",5
Touch and hold a clip to pin it. Unpinned clips will be deleted after 1 hour.,5
it is nice because it doesn't need wi-fi or data if am on trip I play it and on a trip there are no wi-fi,5
Our childhood game Such A wonderful game and Also A brilliant game 🥰,5
I love it love it I love it I just hate the adds mann,5
there is too many adds,4
the best game ever,5
"no character different abilities, we need more abilities of the characters",2
GR8 game I've been playing it since 2019 and never gets old😄,5
it is so fun,5
I like how the game is so grafic,5
wonderful amazing 😍 game 👏,3
bro I am a big fan of the game and it's devloper bro please accept my request. please add an event of Naruto and it's characters I love Naruto. Please 🙏🙏🙏 add in upcoming event please 🙏🙏🙏,5
nice game playing from childhood,5
this is the game I Love 💖 .the game is super good 😊,5
great love it,5
it's pretty fun I like this game,5
I loved it,5
"the game is fine but the problem is the old version didn't have sheep jumping around and a funny police costume,but overall it is Good.",5
Subway Surfers new game is alsome Show down,5
it is a great game but most character are to expensive and to much event,4
l think that this game is only for time pass,5
"Subway Surfers is a very fun and addictive endless runner game. The controls are smooth and easy to learn, and the graphics are bright and colorful. The game is enjoyable because of the different characters, hoverboards, and regular updates with new locations. It is perfect for passing time and relaxing. However, after playing for a long time, it can feel a bit repetitive and ads can sometimes interrupt the experience. Overall, it is a great casual game for all ages.",4
This game is wrost and bad,1
old s Gold !,5
amazing game for subuway surfers,5
amazing and fun characters,5
Nice game,5
"it's good The only thing is I'd say make it more like a rolacoster in the sens when you drive a car you turn and the camera and the car turn with it also why not change the tools for boosts, as you always have the same things for years now, I have plenty of ideas to give it a fresh look and a better gaming experience.",3
This game is always my favourite. And it is soooooo nice . Quality of game is also nice and good .I hope everyone find this helpful 🙏👍.,5
asks if I want to watch an ad for extra rewards. plays the ad either way.,1
it's an amazing game not too many adds graphics Brilliant . it's my favorite 😍 game . so many updates an challanges.,5
"I love this game, because it teaches how to write",5
"I'm having a lot of fun, thanks a lot Subway Surfers",5
I don't think I need to explain guys we all know about SubwaySurfers it's best😎,5
this game is fun i think this game is the best game ever,5
nice game can also play when offline and new features r there new character can also compete with other users or friends good for childrens n adult both oowsome game !!!!,4
honestly one of my favourite games 10/10,5
one of the best game app.,4
this game is totaly amanzing,5
I love the people that created this game,5
best game to spend without loosing WiFi,5
i love this game very much . Whenever i have no internet i play this and i never bored playing this game . it gives now different taxes and i feel interested more and more . thank you (^.^) and i loved it ❤️ it is also offline game which makes me more happy and i can play it whenever i want .,5
Best Game ever played,5
"this game is insane I like the characters,parkour and the cops chasing us is a great game",3
subway suff is a very sound game,5
it's a good idea for this game 🎮 👌 I play this game when I was young thanks 😊,5
I liked this so much💗,4
i love it very very nice game love it 😍❤️,5
this game is awesome because I am legend,5
It's so fun to play there are colourful maps and graphics are the best this is best game to past time me and my cousin play it together in my experience this is very good changing characters and hoverboard and opening mystery boxes and taking keys to have unlimited lives is fun to play,4
l picked 4 cuz it makes u calm for a min until u lose and u crash out is really funny,4
old music is best music,1
why game doesn't give medals,5
everyone can play this game right 👍,5
"this app is so fun and it's my childhood game I used to play, and now, I still play this game lol",5
best to relieve stress,4
it teaches you to never give up,5
he's so adorable I hope he's so adorable too I think I hope 😍,4
It is a very nice game I love the new background music 🎶,5
this is so cool and amazing i love your game,5
it's so funny and satisfying game ❤️🎉,5
Nice game,5
this game so nice 👍👍,5
my childhood love,5
very nice and good,5
one of the favourite games of our childhood and it does not have annoying ads everywhere.,4
love the game ♥️💘👏,5
It is the best runner game for the babies.,5
Keep good experience for me😆,4
It is so good.I daily play it. I never forget it. it's so beautiful game.,5
"I love it, it's a good game.You could play with your family and stuff on🤩",5
The game has high quality and is easy to play,5
nice game my childhood,5
very very good app experince,5
I love it when I am bored I always play it,5
a good game with players defeat score,5
kind of unfair,3
It's cool 😎,5
the most goated game ever,5
this game is so good,5
it's upgrade now and I love this game,5
Nice game,5
Hmm were is the company located coz i wanna thank u guys the game is great,5
this is very good game,5
Brilliant game,5
I really like this That's so cool (▼⌣▼),5
"this game is fun for people who want to challenge them selves,it is smooth no glitches and fun to play,it speeds make the game challenging ,u can play this game without internet and has all the songs u can prefer to play with.I totally recommend this game it's exciting with no ads!!!!!.......",5
I dont know what I say but I love this game,5
this is very nice game,5
It was a very nice game but the character's prices are high.,4
This one is one of the best 😀 old is gold 🥇🪙,5
it is a very very good game no problems anyway,5
it hits a hard nostalgic moment's,5
this game is too much bad,1
"one of the best games I ever played, try to add more game modes instead of just jumping and moving around, if that's fixed 5 stars.",4
I love it sooo much,5
love this game,5
It is crazy game thank you sybo games,5
This game is my favorite,5
this is my favourite game before,5
"Hello SYBO and Kiloo Team. I suggest adding a small timer or warning when a pickup has less than 6 seconds left so players can prepare before it ends during high score runs. I also hope pickup effects like Magnet can stack time instead of resetting it when collected again. This would make gameplay smoother, and less frustrating for players trying to maintain high scores. It would also help players make better decisions during fast situations and reduce unexpected crashes. Thank you !!",4
Very fun! sometimes stressful but also relaxing at the same time😄,5
pretty good and fun to play,4
rlly addicting and fun,5
like the game and the graphics 😎,5
the best game ever!! ><🎀,5
sometimes when I start it Lagos but later it goes back to normal... I really enjoy the game .. it's not reigning on past glory and the updates are nice 🙂,4
best experience ever using this app from the beginning,5
really fun game and it's adventurous,5
ty for this game,5
this is like the best game ever! i collect gifts even things and buy charaters with coins! and we can also chage styles! thats the good part! i like this game is stylish! and nice! we can get stuff and things like jetpack! theres also lava mode! but theres one thing i hate the ads! it keeps messing up the game!:( but the game is still the best! even tho you can buy money with charaters! but its still fine! i like it and its fun! and you do quests! this is the best game ever! i cant stop playing,5
great and very fun game 10/10 must try,5
This is a good game for kids,5
Its a great game,5
foon,5
I lost my account even though I was logged in Facebook and support didn't do anything. They gave me a bunch of coins even though I had years old skins I grinded hours for. Disappointing.,1
"Hi there. I've been experiencing an issue lately with the leader board. I can't check the leader board because it kept saying that I don't have any internet but I always use wifi and it has a good signal I tried to fix it with mods and it works because I changed the com.kiloo.subwaysurf into com.kiloo.subwaysurf.void but when I login to my acc it happens again. I don't know what causes it. and by the way, is it possible to recover my 1 yr of gameplay? because I started back in the brawl star.",5
very good game interested game no words for this game 😁💯💯,4
I loved this game to play its just away my problems I love you the game .,5
very good updates till now . please launch a update very early .,1
I haven't used this app in so long but then played this and now I'm getting used to it.,5
that was very good I was mix a page 10😎,5
my experience on this game is a good game to be worth to play and have on your as a game on a tablet it's a wonderful great game and it's great experiments and my and I have a good high score and tell me what you guys decide score is,5
TISH GAME IS OFFLINE GAME BEST FOR BANGLADESH 👍,5
l like this game.,5
it is hard game but I like it,4
suchhhh a greatt gameeee !!!,5
"""Subway Surfers is an amazing and very entertaining game! I really enjoy playing it. I just have one request—please add Muslim events like Eid too. You include many other cultural events, so it would be nice to see Eid as well. Thank you!""",5
this is the best game of play store,5
this is my favorite game on mobile.,5
um well it has the best animations and moves,5
Really fun but the ads are just really annoying,4
I love this game it's the best help me feel calm and when I'm angry it helps me deal with stuff,5
I like this game this is the best offline game i have ever seen,5
this is the best game ever I have played,5
it's good!!,5
I have been playing it since I was young it is so good and fun,5
that’s a very good game i love it so much iv been playing this game for about the past 3 years i love very good 😀😙🥰,5
no ads apart from optional ones and a true og game,5
The game gives you a chance to play in different seasons specially🤩.Honestly this is the best game ever,5
this game is so fun and so 🔥 I love this game everyone should play this right now q,5
please try the game,4
Bugs and errors in events and their support time not responding.,2
this is kids game so so kid game and Show easy levels,5
fun honestly this is better than temple rush,5
cool,5
childhood games,5
it is fantastic 😊 I totally love it.,5
its a great game,5
there is a game ruining bug where when you jump while on a ramp you would get a stuck in an animation lock that sometimes causes you to lose recently too ads have been crashing for reason and all the run progress is being deleted I will increase my rating once these bugs are fixed,1
nice best for time pass and for office,5
the game is awsome,5
I love it because we can play it anytime whether offline or online and I love every update they bring and I have playing it since my childhood,5
this is my favorite game. I would alway prefer this game,5
this app is great,5
this game is so good I love this game,5
the best runner arcade game 🎮,5
"Nothing to say about this game...this game was,,is,,will be forever my favourite game...it is my whole childhood...and that bgm of this is too nostalgic...today i installed it again...and i remembered those days back in 2018-19❤️❤️",5
its very beautiful game i loved it ❤️❤️❤️❤️,5
I love this game,5
I hope there is a Minecraft version,5
"Subway Surfers is a really nice game, I can play it competitively with others it works without any internet connection that is the bonus point over all the game is very nice!",4
subway surfers game is the best game i had ever played i play it every day,5
it is the best for our finger fast it is awesome,5
"dear @subway_surfers , No doubt you are nostalgic game everyone grew up playing you..... But please run verified ads I just clicked one of your ads and now I'm getting calls of Loan scammers even when I didn't applied for it .... my data got compromised.",1
I paly this game and I like this,5
the game is amazing and still great during 2019. people should download this.,5
this game is trash,1
very fun game to play when bored. it doesn't need a high quality phone just the bare minimum and it plays fine. very fun I love this I think it's the best mobile game EVER,5
its a very good and fun game to play. I love it ever so much. It is soo amazing!!,5
the best game,5
"It's An amazing game, I love how we can Jump run and Uturn Well this game is actually a five star ⭐ but I gave it a four cuz it has adds every other seconds well BTW I love this game and the new updates! nice and cool 😎🆒",4
it's a good game,3
so good I love that game very good experience 👏,5
Subwaysurfers is the best game I've ever played,5
well this game is good for when I am bored plus now I am a fast writer,5
very worst I'm playing or from last 4 years without un installing yesterday I lost my full game achivements and collections there is no chance to bring it back so playing intrest go so now I'm.un installed,1
the most satisfying game that I have ever seen in my life i suggest all of you to play this game,5
15 July 2020 this good version,1
I love this game,5
subway surfers is a fun challenging game to play i recommend it .,5
This game is too good..☺️,5
"Fun, but add creating levels and online levels for you to complete, A copycat of this game has that. We are so desperate and I promise, everyone will be happy if you add a level editor to publish levels in the online levels, Right now, the only way to do it is mods, but this will get your account at risk getting you banned or progress loss, we all reccomemed you to add this.",5
Its a game thaat teachs you to reach your goals that is very fun if youlike a game were you grind to reach your goal its fore you thanks thore making amazing game😊,5
I play this game 5 year it is very nice game 🎮,5
subway. sufers. game 😍🤩😘😋😎my. fawrat,5
Good but you don't get a chance to run away when you're running fast,3
nostalgic and fun and not boring g like other games,5
very nice game i love it very much,5
"Subway Surfers is an popular endless runner mobile game where players control a graffiti artist fleeing a security guard and his dog after being caught spraying a subway train. Players swipe to dodge trains and obstacles, collecting coins to unlock characters, hoverboards, and upgrades while navigating increasing speeds.",5
"I love it very much ! It's my go-to game when I run out of internet and can't watch YouTube. But, I cannot receive rewards with no internet connection. Still love and recommend it tho!!",4
cranking to much,1
OK thanks,5
it's very good ngl,5
Nice game,5
I love this gam. Playing it from the long time. ♥️,5
this is really a good and most interested game 🤗🤗🤗🤗😎🧿💐👌👌 👋👋👋😢🤧😕👊😁🤪😢 and I will enjoy the every moment in this game ....................... .................................👍👍👍👍🙏🙏🙏👍👍🙏🙏🙏👍🙏🙏🙏🙏🙏🙏🙏🙏🙏🙏🙏🙏🙏🙏🙏😜😜😎😀😁😂🤣😄😃😄😅😆😉😊😋😋😎😍😘🥰😗😙😚☺️🙂🤗🤩🤔😐🤨😑😶🙄😏😣😥😮🤐😯😪😫😴😌😛😜😝🤤😒😓😕😔🙃🤑😲☹️🙁😖😞😟😤😢😭😦😧😨😩🤯😬😰😱🥵🥶😳🤪😵😡😠🤬😷🤒🤕🤢🤮🤧😇🤠🥳🥴🤥🤫🤭🤭🤭🤭🧐🤓🤭🤭 sorry for this 👆👆👆.👆🙏🙏🙏❤️❤️💫💫💫💝💝💖💖💙💙💛💛,5
Great classic og game,5
it's the best game ever,5
"It was great playing Subway Surfers... suitable for all ages. Improves concentration, Multitasking skills and many more. Filled with new updates and never let the player go down.",5
this is very nice game i like this game,5
Best game ever played .,4
"Finally some new features on the game. Keeping the classic and introducing new optional challenges is great. And the PvP races are really interesting. Would like to see more improvements,",4
it's an a mind runing game and like the game never stops we need need to run forever i like the game,5
the worst vomit on the game please this game is the worst game that we played I'm giving it five star for the worst game,5
it is very interesting game I like this,5
very good and fun game,5
this game is a classic and still one of the best games in my opinion 👏 😲,5
"really, I love this game since my childhood.. thanks for developers making this game",5
"can't play with friends even though they are friends in the game. so what's the point of adding friends? strange race. bug, jump but get stuck until can't get down and die.",1
this game play mind free,5
this is the OG game ever but my dream is how how i can go to the end of this game but it's ok this game is the best op game thank u soo much creator to create this subey surfurce thank u soo soo much,5
"it's not a big deal but I think it's the best game I have ever played it amazing with Easter event it's more amazing I scored 88,2345 it's to much fun,if you guys are reading play it.🌷😝",5
I LOVE IT SO MUCH 😍,5
always my favorite game,5
i really want the old,1
I freaking love this game when you have to do the when you have to do the can run with data it's epic ✨🌺✨🌺,5
GOAT greatest of all time,5
"I love it, this is legit my childhood",5
I love this game,5
pretty good compared to others!,5
cool,5
I'm so nonchalant and cool like jake,5
"No progress saved. (coins, characters, etc) Not starting over.",1
love it automatically nothing better,5
super fun could play for hours,5
it is lovely game u play all day.,5
"I'm very disappointed of last update. In top run I don't see my opponents in top run and medals don't count in achievements. Also in showdown not all points calculated in rank list. Please, fix it. Thank you for your response, as active player I had to say you about issues, because game is iconic",2
nice game my favourite 😁😁,5
after every time I login the account resets to zero,1
🤑🤑🤑🤑🤑🤑🤑💗💗💯💯💯❤❤❤💥💥💥💥🤜💗🤛👌🫂10/10♡♡♡YOU HAVE A GOOD CHANCE FOR KIDS AND YOUR FAMILY WILL BE A GOOD ONE FOR YOU ALL THAT WE WILL LOVE FOR YOUR Game $$$!!! 67,5
cool,4
"it's okay, if you want to pass time or bored but there's one thing I just have to say, which is that getting new characters don't feel rewarding at all in comparison to the boards, they feel very lackluster in specialty that grinding for a new character feels empty and less exciting, this is a lot to ask but it would definitely be cool to have an event where the characters specifically only important ones have abilities that can help them with each differing to make each character feel special.",3
do I have to say that this is the best game?,5
it is a nice game,5
good is this game,5
i like so much this game 🤓💝,5
this game is so awesome and I like it ❤️,5
best childhood game right here,5
it's great,5
The gane is now next level now!,5
I play did on my iPad and ever since I play I loved it,5
"Just a W game, no full game changes so the game is the same but never gets old",5
4 star only because of new paid characters it's just I grew up playing this and this skins were not there in that time,4
"Someone used the delete my account option on my game, and I lost all my progress. I couldn't able to get back my account. I am never playing this game again.",1
im an old player but I lot my acc,5
I like Subway nice game it's good if you know it that is all I can say ❤️,4
this game is my favourite game,5
I love that the story about it teaches us to never stop running to achieve your dreams.,5
make a india theme event map,5
"Hello Support Team, I am facing an issue with my game. Whenever I try to open it normally while my internet connection is on, it does not open at all. However, when I turn off the internet, the game opens without any problem. Could you please check whether this issue is related to my device or if the app is not supported? Thank you.",1
a very good experience 🙂 so happy for the game and also the history,5
really fun and interesting love the new update,5
"disgustingly monetized, if I think about how the game used to be at the beginning its truly a shame. Ads everywhere and you were forced to watch an ad after the 3rd run, screw you guys",1
useless showtown race is biggest mistake,1
the best offline game ever,5
mind blowing game 🎮 👌 😳 🙌,5
so fun have thousands of hours,5
I downloaded hacks and now it's so fun!!!,5
Good for time pass ahh i mean wiw,5
game is ultimate and offline 😄,5
I love this game 🎮,5
you are best game best rating - 10.10,5
this game is 3rd best game in the world for my side and I know this game fevorite for other person,5
this game is soooo gooood because it haven't changed since the beginning of it even if there's so many features but you can play the main one to relax,5
It was a great game I love it,5
this game is so relaxing 😎,5
I love subway surfers,5
This is the best game for me,5
it's an amazing game plus point it's offline 😄,5
old game is gold game iam playing from 10 years,5
good game for offline and online games,4
it's fun to play,5
very fun game I have been playing for a while and it never forces ads,5
fun and only has ads when you press the ad to revive button,5
fun game but to many adds,4
not any internet competition,3
it is the best game i ever play,5
Fun game but needs more characters that look good like the ester character but unfortunately it's only the cloths not the character so please make the ester event characters surfers plzzzzzz,3
beautiful is all I can say,5
excellent playing..✨,5
this game is fun,4
"I'm so close to getting 25 000 event tokens and now the game crashes. I've tried clearing app cache even checked to see if I could update it but no luck. I'm really disappointed cos I really wanted to get bellarina tricky🥲 But besides that, its a great game. so entertaining and addicting. i used to play it alot when I was younger and I had every character in the core crew (those were the only characters at the time) and I still love it. would recommend.",4
I don't like this game this game is boaring,1
this is thebeautiful game ever,5
it's a time wasting game,4
ain nothing good then subvay surfers,5
one of the best game,5
exciting game.,5
normally good,2
this a good game,4
This my favourite game❤️❤️❤️❤️,5
I love this game from my childhood,5
is good for people i give 5☆,5
come back I mean from my childhood this is my favourite game you know today I am 16 year old but this game is still my favourite game as my 5 year old thank you for doing this💗💗💗,5
"this game actually was so good, even the details. 5 stars. also imma reveal the truth so there was this boy who loved skateboarding but he skateboarded on a train track and the train was coming and killed the boy, his father wanted to create this because of the memories of him, even the policeman wasn't trying to make the boy get caught. the policeman tried to save him",5
I love everything about the game,5
This game is offline and is pretty fun.There is always fun in beating you high record,5
I love this game,5
omg I like the Christmas version,5
so subway surfer game very good graphics so this is super game,5
BEST GAME IN THIS WORLD. I LOVE IT. I SCORE 10 LAKH COINS IN THIS GAME,5
very good game and beautiful and intrastinggame,5
best game but its so sad this is based on a true story which the boy died while the guard was trying to protect him,5
I've been playing this game for nilly 8 years now and i have evry thing in it and it's still fun,5
goated,5
games was awesome and I like this and when I am playing this I had my hand fracture but I will play with my one hand but it also they will help me to increase my concentration and some speed up ok thank you.,4
It's great.,5
"This is a very interesting game which can be played by both children and elders. This can be played without internet. I like this game very very much..This is not a boring game. Totally,it is a wonderful game...🥰🥰",5
"many characters,mystery box ,missions accomplished and achievement",5
so fun especially if you have no internet connection,5
very enjoyfull game 1. graphics 💀 2. speed 💀,5
this game the police run me,1
it's fun to play with different challenges,4
This game is very good for kids you can do time pass as much you want you can unlock unlimited characters and enjoy it if you unlock five character you will get a trophy if you also collect 5 hoverboard then also you will get a trophy it is interesting.,5
"no family guy funny moments on the bottom, -F tier gane",1
I like the game because the game is very good I like the game,5
"it so fun, I've playing this since 2015",5
very nice game,5
"fun game, awesome and cool!!!",5
i like that game and can you make a new version for srilanka,5
Great game,5
"I love this game I play this game since, I was kid there alot of update now but the game still fun and have those nostalgia",5
very good very nice game very good,5
nostalgia game veryyy wonderful our childhood we played that,5
Our kids really enjoy this beautiful game.,5
Honestly it's so sad I lost the champion medal to a guy that wasn't in the same region as me last weeks in Top runner.i was in Maldives region,5
it pure game with ads and offline it great app,5
this ts the worst best game for time pass,5
very entertaining and boosts ur consontration level for sure 😎💥,5
love the game it's peak,5
i remember playing this in 2017 and coming back just feels great and i love that my highscore is 2million. edit my highscore is now 12 million,5
it is really fun and gets your mind off of stress. school can be really stressful and this game helped me a lot.,5
What could I say it's my favorite childhood game bro it's just so good bro so GOOD ❤️❤️❤️❤️❣️,5
this ame is very nice and better than all game.,4
it's great and fun.very relaxing and calming,4
GREAT GAME AS WELL AS THE SEQUAL YOU GUYS ARE AMAZING!,5
I love this app it is so good when you are bored,5
a great classic used to play this in elemetery school im in collage now and its still just as fun if not better.,5
it's a good game I scored Over 20000,5
"got addicted for life maybe, would definitely jump over a train again I think 😎😎😎🤩🥳😱😱😱😱",5
I love this,5
I like it because you can change your players and hoovers boards,5
I LOVE 💕💕💕 IT VERY MUCH IT MIKE MY DAY,5
"love this game,🥰❤",5
i think subawway surfers is a good game for kids but for the song add stephanie funk,5
funnnn so fun and it offline that why I like it,5
this game is good 👍 and offline game is better,5
I think that there should be a finishing point where the runner reunites with family.,3
its so fun and exilerating when im board i pick up my Phone play subway surfers.,5
great game,5
this game is very good but it's dowload very load,1
nice but very hard,5
it is fun,5
nice game very nice game of subway allready most of time reach to game in all friends 👍👍👍👍👍👍👍👍👍👍👍👍👍👍👍👍👍👍👍👍👍👍👍👍👍👍👍👍👍🏗️👍👍👍👏,5
"very awesome, but way too many ads☺️",4
Most amazing Mobile game known to man,5
Game - NO __ Feelings - Yes . Who agree with this like my comment,5
"Very fun addictive game. some challenges are ridiculous though, like get 1.4m score in one run. I use ads for revives but eventually just kicks me out the game losing my progress and wasting all my boards etc. game is very ad heavy, probably will uninstall one day but now for now.",3
the best I ever play,5
my app is not working while internet is on. How can I solve it. when I turn of internet app start working. whyy,2
"I love this game, but now a days it seems it's getting too greedy showing add like add application not game this is like showing me add after each game which is making soo frustrated 😫 if any main head see this message please take action against this",2
it's so good when I open subway surfers i atleast play it for 20 minutes because it's so addictive and great and the multiplayer mode made my day!,5
too much advertisement it's irritates 😠🤬🙁,2
there are many ads that need internet when claiming money,1
Very fun,5
it is a good game,5
i love it its really fun,5
I thank you,5
Subway surfers super game my first game is Subway surfers I love you Subway surfers game,5
I love the way it makes me feel because it makes me feel. Good,5
nice game because of their good update or nice nice Apparentlys,5
I like the game because we can play with our friends and race like in other games...😽,5
Great game,5
the best,5
i love this game very much 😍😘😘🥳,5
"this the game I'm playing when I'm pooping or eating, it's peak level entertainment, never gets old",5
Probably the best mobile game. OF ALL TIME.,5
I love the game 🎮,5
it's good 👍 really good,4
it's good,5
this game is very unique,5
best time spending with friends and feamily 👌,5
Subway surfers is the best game in the world well not the world but it's super duper funny and you can play it offline and I definitely recommend five Star game,5
i love it 😍😍😍 my hair fly to another dimension because of bunny betty i'll give you 900$ and i love your game 789$,5
really great competitive game,3
Game Good Life Will Make me Like Is,5
very 😊 game i like this game very much,5
it is interesting,4
i love this game because interesting game 😀,5
bc u loose ur account and stuff,2
its good,5
I like this game it is nise game thank you,5
"Subway surfers has always been a great game, but now it's just overrun with ads. You have to watch ads to receive rewards and when you click an ad to continue a run, it crashes the app and restarts it making you lose all your progress, boosters, and time. Some ads don't even load, they're just grey walls that you have to forcefully close the app. And as soon as you finish a run, you're hit with another ad. This game would be so much better if you weren't watching an ad every minute.",2
it's a good game,5
This game is so good remembered playing it 5 years ago i installed yesterday 10/10 game,5
it is the best offline game it's super funny,4
this is awesome app,5
I love this game because you can play it offline,5
i love the events seriously,5
I actually love this game a lot it's perfect for long car rides and this doesn't even let u get bored 🙂,4
playing this game was fun experience,5
I like this game it works offline and i love that Girl Avatar i love it soo much than before,5
this is my favourite game,5
really addictive,4
such a cool game,5
its is my childhood game,5
"this game is my favourite one , I love it very very much , I am playing this game from childhood since now , This game is contain very very fun 😊",5
It's makes me feel better when I'm feeling angry,4
this game is very good and I love this game and my favourite character is the robot wearing a cap🤩😜,5
I feel good when I play this game it was amazing to play I love this game,5
this game is very awesome you play this game it is very awesome no internet no connections it can free and it is very like a running game focus in your eyes,5
I love all the keys I get and it gets me to focus a lot on other things,5
I love dis game,5
"I am in a loop playing this game..Loved this a lot .. After winning a high score , you will even feel you have got an Oscar award ! It's too good..",5
it is a best game of run game new world new chaceters,5
this game is amazing and best endless game than temple run,1
super hero for the game 🎯🎮🎯🎮🎮,5
"bro, it's just a rip off of temple run",1
it is kind of little boring and it needs wifi which sucks,1
game sike bro play off,5
goooood I will be in high speed and score in 3 weeks want to compete with me sanvizzzzzzzzz,5
Subway surfers is very important and best game Very very very very very nice to play this.,5
it is a game everyone wants to play it is fair it is clear mission are sweat the only thing I don't like is because word Hunt is not easy and I don't like it you don't give key easy,5
Awesome nice,5
good app,5
Amazing. Idk I'm a gen alpha what do you expect,5
og game of the century,5
very nice game,5
game Fun would play,5
this game is so good,5
i really enjoyed the game,5
its really good but when I move right it doesn't move at all it's not so good everytime because of this I am getting out,4
I love the game,5
Nice to play,5
it's very interesting I love to play whenever internet 😁 is not there 😉,5
there are way too many power ups in showdown. everyone is just running amok. you have made this game impossible to win. get a life.,1
we want a clan or guild in this game.,4
a good and very nice game,5
it's a good game stress reliever,5
it is the best game ever...and we can play it offline also .. it's so relaxing and interesting..I liked it. I will give 5stars,5
cool,5
it re bring the childhood,4
I love this game this game is amazing we cannot get bored by playing this game and this game is also good for kids ❤️❤️❤️❤️💗💗💗💗💗💗💗💗💗💗💓💓💓💓💯,5
childhood memories 😭😭,5
"I grew up on this game and it still holds up to this day. one of the first ""Run"" OG games.",4
I love this game but whyd yall make almost all the new characters behind a paywall whats the point of the game anymore its enough that we watch ads for everything,3
The dev team is doing a great job keeping this game fun. So many games fall behind as they get older but this is still very fun to play,5
fix the fact that it you accidentally click an add while in a run the whole game will reload and you will lose all your progress!! then it'll be an easy 5 star^^,4
such a nice app,5
I love it game before when I age 6 to 2019 years because so much long game then later now because i saw im excited so fun 🤩,5
this game is great for my old devices but on the tablet it rotates wrong,5
it's very nice to play this game,5
Best game ever!!!!!!!!!!!!!!!!!!!!!!! 100 out of 10.,5
Love this game,5
cool,5
Very nice and competitive game,5
it's the best game ever,5
I really like to play it when offline and the sound track Tokyo is so good but the reason i dont really like abt that is that when your not playing its not that good,4
Since I started playing this game.i love playing this game so much I appreciate,5
I have fallen in love with this game,5
it is nice and it is off line,5
why I can't download it,1
good and interesting game,5
the best game ever,5
amazing so entertaining very nostalgic,5
"really cool movement and gameplay, honestly not a brainrot game",5
little good not interesting,3
Love this Game since childhood 🔥🗿,5
thanks for giving me surprise,5
verry nice game,5
Great to do offline,4
Running and experience in the best,5
best game in the world,5
Legendary Game,5
"I used to play a lot , earn lot caracters then uninstalled after a span again installed. searched my linked account from Gmail . and I couldn't found any. I almost got heart attack for a sec! 🤧 I stopped took a breath harden my heart and newly log in from my play account.. and my all characters were there 😅 what a sigh of relief !!!! 🤷🏻‍♀️I'm just a aldut child who love subway surfers 😂💖",5
I enjoyed this game and I had so much progress. something happened after this update and now all my progress has disappeared. I tried deleting and reinstalling it and nothing still. it's well and able connecting to my okay games account but the progress isn't loading and their is no way I'm starting all over again. If it doesn't get solved this will be where I part with Subway surfers.,2
"it was fun at first but then it started crashing so I redownloaded it (I had an account and everything) and then I lost all my progress. I tried everything, I tried connecting my old account and everything. nothing worked. I had so much progress and now all my hours on this game were lost. I'm not redownloading again if I can't recover my account anymore. I lost all my characters, boards, and top run. also I already contacted the support team and they wouldn't reply.",2
I like this game and it's my favourite,5
my favourite game,5
this game is amazing 😍😍,5
great game I love it,5
it so good,5
Best game ever seen in the world,1
this is the best game ever,5
"marvelous, fantastic and best . we can say that it is best runner game🎮🎮",5
Best game when getting bored,5
this game is amazing 😍,5
very interesting,5
this game is so satisfying 😄,4
I love to play this game,5
"used to be fine, now it's to much of a grind.",1
nice game without network,5
"It very interesting game with upgrade My whole family plays it, yeah, it's really fun! You all should play it too 😄",5
best game ever its so fun with the friends feautre and showdown its so good,5
this game is so fun even though you can hit a train a hundred times the fun thing is that it is part of the offline games and you helps with thinking fast,5
"I have applied mod and I love it now yahhhh...... I love this gammmmmmmeeee.., toooooo....... much 💗💗💗💗💗💗",5
sooooooo nice but add a Play with friends mode pls,5
It's a really interesting game I'll recommend it for anyone 😁,5
I played this game on Samsung Tab A3 (2013) and am still playing it for years best running games,5
I like this game,5
it's so SO fun and I LOVE it so much,5
Great,5
i love this game,5
I always love this game,5
no doubt one of the OG games,5
it is old but still good I was I'll give it 5 stars,5
This game is so good 👍🏻👍🏻😊😊 It's like not to create an ID for having gifts 🎁🎁,5
Pretty laggy in my 2gb ram mobile,3
"I had to delete the game because it no longer uses save me,the keys are just useless",1
i think it's better to keep that lively song than this one old change the song to the former one far better,4
"very nice, no ads , wonderful,but tasks should be little easy",5
It is amazing definetly recommended,5
this is my fav app since my childhood it's my fav ones,5
"The new update has some issue.Firstly "" Win 1 gold medal or higher in top run"" seasonal quest doesn't work. Second ""use three keys in daily quest also doesn't work""",5
they added multiplayer?,5
"I don't like the new Easter Ireland update at all, I only want to update the app with no change in designs and now I'm seeing a new updates, I'm not okay at all with the Easter Ireland updates and I've lost all interest in the game, is there any way I can get my Christmas edition back?",2
very good experience,5
very good for time pass,4
I love this app,4
the best childhood games,5
i every enjoy to play this game,5
this game is my whole childhood..even now I love to play this when I'm bored or have no wifi it's 10/10,5
I am on top run my name Dawood and my cousin Ahmed raza please give him massage to become friend in subway surfer I reach 250000,5
worst game ever. I was playing an event and the other players were WAY better then me awful match making.,1
it's has always been and will always be one of the best games to play.,5
This game is amazing and i love this game.,5
i don't know what to say,3
sucha wonderful game for timepass but should decrease ads,3
I love this game and can never get bored from it . It is very amazing game too,5
Does the game now support LGBTQ+ content?!!!!!!!,1
best game events and offline the best game,5
I love thiss gamee,5
🔥🔥🔥 its good,5
I'm play from.2 years this game is very amazing,1
it is good game u should add something more which will make th game more excited 😊 and I love to play the game but sometimes get irritated when offend become out it is the best game 🥰❤️❤️💗🧿,5
very good game we can play without an internet,5
"it's a really nice game. my only concern is that the multiplayer is so short. I want you guys to improve that. But overall, it's really nice! that is all and keep that up!",5
this is my favrout game ❤️❤️🥹🥹🌹🌹🌹🍭🍭,5
that's great,4
thik thak,5
this is the best games for you guys 🌚🌝,5
the best game of subwaysurfers,5
l am first time download these game l am relaxed,5
super fun game great game how did you make this game?,5
it's ok,4
it's stress relief,5
super game 🎮 for timepass. i recommended ro download this game 🎯,5
always good. no bugs no need to fix anything cause it's always in tip top shape during every update,5
It's pretty good,5
I DO NOT LIKE IT. I love it!!!!,5
its so relaxing and fun!,5
i love this game,5
I love this game actually I don't remember how old I am when I played this game,5
this is a Great game🙄🙄🙄🙄 ight imma go sit on da 🚽 oooo it stinks a ur 😩😩😩,5
"I think I you should not sell things using real money, otherwise the game is good🤗",4
It's so fun even when you don't have WiFi.,5
"I still enjoy this game, but I'm currently experiencing an issue. I have a good internet connection, but when I log in to the game, I'm unable to access the features that require internet.",4
*Assalamualaikum Everyone I really appreciate thiss game*🫀🫶🏻🇵🇰,5
world 🌍 Best game 🎮🎮🎮🎮,5
good so fun to play,5
i think this game rote is 10 / 100,5
Finally a game that does not require me to be online ❤️❤️,5
"Still a great game, but the weekly runs have been a pain for a couple of weeks. I had the top run 2 weeks ago which didn't register, last week none of my runs counted for it and this week it still isn't working.",4
it is so 😎 cool 😎 👌,5
"this game is old but old is gold so, this game is diamond I really love this game 💜💜💜💜",5
"Great Game, You can play this game with others, and offline. And it's really fun for people, who love gaming, but need a brain refresher ⭐⭐⭐⭐⭐ from me 🙂",5
Brawl stars collab was amazing but it would be cool if roblux collabed,5
Its bad you need to provide a place where you will not be bringing updates disturbing people,1
absolute nostalgia but they got a new version i might check that out,5
I never get bored and w update,5
This is my favorite game I like it,5
I love this game it's so fun 😊😄,5
It's good very much,5
fully Nostalgia🤧 :),5
really enjoyed when I q was one plane it Disease not need Internet love this game,5
Brings childhood memories🩷,5
my favourite game is this,5
this game is best for all mobile but my mobile name is redmi A3x,4
the game is very time pass,5
this game is amazing and super game 😍😍😍,5
Interested,5
As a i og Player love this.,5
"Play store most popular and famous, downloaded game most downloaded game in Play Store try this game one time this game is very very good graphics quality. It has 1 billion download try this game one time",5
fact --- police man does not become slim after running a lot of miles 😂❓,5
very good game there Subway surfers,4
"“Please add Islamic events in this game that people will really like. But do not include the Kaaba or mosques, because making them in a game could be disrespectful to our religion, Islam. Event ideas: 1. Jumma Mubarak 2. Eid ul Adha 3. Ramadan 4. Eid ul Fitr. Please add all these events in the game, but keep in mind that there should be no disrespect to Islam. If you like my idea, then please add these events to the game soon.”",4
best offline game,5
"I haven't even installed the game yet but I knew it is an amazing game I really appreciate games like this , it releases stress and pressure you should really play this game♥️♥️👑👑💯💯✅",5
very nice game,5
this app is very good,5
It is a good game to be honest 😁😁😁😁😁😁😁😁,5
very best and beautiful and strong and good very good very good very good all game is bad but thi gae is good,5
this is the best game,5
it's a time pass game,4
"I like the game just because we can play it offline and my high score is around 1,000,000 and I suggest you to play this game",5
old memories ❤️,5
good game love playing it,5
I can not watch any ad.. i want to watch ad.. what should i do?,1
"very nice,relaxing game and you can also play iy offline i will always love subway surfers",4
this game is bad my google account was gone after the update fix your stupid game bro only my FB account does not lose but my google account was gone you should fix this in the next update,1
5 stars cuz its offline and honestly very fun,5
i learn too much about this game 🤪,5
this game is cold good to play offline,5
"This game is really fun and it helps me calm down whenever I'm stressed out, I think it's an amazing game and I'm happy it's also an online game because sometimes I go out and I have nothing to play, it has great characters and I'm excited for new updates and items that might come in the future",5
this game is so fun,5
l am kousar and this is super game,5
you game is impressive,5
its so good i got high score so fun play it now,5
so interesting game nice,5
good game for subway surfers,3
Subway Surfers it's has an issue I run over of 9m+ but I'm not among the top runners check it very well and update the issue,2
I cant join with wifi on it keeps crashing,1
very nice game ever,5
"I lost my subway account, all the progress I've made gone .., almost 2 years of progress gone .. I keep seeing my achievements and trophies on my Google play account but can't access it .. it just keeps on starting as new game .",3
veryy godd game i love this ✨,5
I really love this game. you also must try this game,5
So last week I won the championship medal but it didn't get added to my score....this is the third time it's happened....I should have 82 not 79.....talk about a swizz... not nice. Can't see how they can help.... couldn't help before so don't think it will happen.,1
It's so surprising that this is the only game in my phone it makes me happy and I feel like a champion because of my highscore,5
"it's simply a good endless runner, one of my favourites",5
i am a pro in this game 🎮🎮,5
this game is very good 👍🏻 👌🏻,5
"Very nice game, full of surprises, cool and creative.😎 👍 It's just you have buy most of the stuff to get it.",5
I think this is best game available in Play Store it is very good game I have played and this is best running game download it and play it now thanks,5
is fun,5
fun game to pass the time with,4
This game is enjoyable to play,3
I am very impressed that Subway Surfers game developer care there users in update and on smoothness of game or in the other things,5
it so Joy full game play with 👌 .,5
I like this app even in my dreams,5
"i need Ads back,I can't access ads even when my data is on",1
the new show down event is very amazing i hope it will be a permanent mood soon please make it available to play with friends 🤧,5
it'd super nice an d onr thing they csn do is destrubute some charecters,5
old subway surfers is better than this,5
I like it I just don't like how you don't get free chances to play again,4
goated game,5
It's Fantastic.,5
"This game is very good, I hope you like it too.",5
Actually I had born in 2010 from my Age of 5 years I'm playing Subway Surfers Game till now also I'm playing,5
it is a very . amazing game 😀😀😀😀😀,5
a great but a few ways to earn Cains in game but it deserve five,5
l love this game no ads,5
this is so fun and I personally love this game so much LOVE THIS GAME,5
it was so interesting to play every day and you can do that race to offline,5
Amazing and refreshing game.,5
it's nice ☺️🙂☺️🙂☺️🙂,4
it kept making me die with no way to askape.,4
It's a good game but not so interesting because you need to get this and that and please give us a update with more stuff,4
it's amazing 10 out of 10👏,5
cool offline game,5
"A great game that still going.. barely. Back in 2011, I played this game every day collecting all the Boards and Surfers, I also did it with £0 spent which is a bonus because most games don't let you play fully or make it difficult for you to play without spending something like a subscription! I still enjoy this game, even though it's the same thing over and over again, its still weirdly entertaining and addictive. I used to play 5 hours per day and now I'm re-living the past to enjoy this!",5
good 👍 but way to pay to win and it would bug out to much and good for not paying for a games fr,3
absolutely..THE BEST GAME!! 🎮 💐,5
it is very good when playing,5
"The game should have a two player, multiplayer online version where u can play with ur friends online I hope for ur update like very soon Thanks",5
awesome more realistic play mode together with the applied physics movements,5
Cool Game,3
it's too fun,5
good game very but it was better before,4
I think that this game is amazing but the ads are annoying;-),4
This game is the best and most likely I will be play this game,5
it's way better than back then they added more stuff and ya it's pretty good,5
your game sucks pretty much everything costs money,1
Very good 10 Stars,5
It's a very good game for offline because this game is multiple places and events,5
it awesome and the best game,5
this game has a bad backstory,4
it's probably the best endless running game ever made,5
really really interesting game,5
I love this game 💗🌷,5
a grat game exept that alot of the characters are money,5
love the new multi player featc ers,5
"what a nice game, if you want to time pass, you afford it",5
since I updated the game to Ireland Easter it keeps crashing when I'm on wifi,3
I first played subway surfers on mom's samsung galaxy phone when i was like in lower elementary earning surpises and the character profile like it will be my childhood forever..Man can't believe it like 10 years,5
this is the good game,5
it is very entertaining game 😄🎯,5
the best and nostalgic,5
good app,3
Best game I ever played . For children or adults it is the best game . It unusual feature makes it different and so good .,5
I love this game 🩷,5
"Lost all my progress because of the stupid update, I would give it zero star if I can.",1
best game played 👏 👌 🙌,5
I think you give me for free,4
I love this game it is so fun,5
"it's the best ,it doesn't contain ads.",5
the best it helps me calm down because of its fast levels of racing it's just the best game ever even if you don't have internet you can still play,5
We can listen to songs on Spotify without getting disturbed by ads while playing this,5
super good game and one of my favourite games . I'm supposed to play this game offline but when I play an online game it gets too cool and good. I also like to play events that also get too interesting to play and the super good characters are available in subway surfers.,5
Omg one of the best game ever when I'm bored I play it 5 stars 😘😘😘😍,5
The best and greatest mobile game,5
so fun game who made this I'm rating 5 stars to him,5
Best of Game,5
this game is well but after sometime it is so speed 😶,4
its really good,5
I like this game but their are very much ads and I don't want to give extra money for it,5
cool great 8 like it i will play whoe night,5
good experience in gaming,5
I have played this game since I was 2 years old i enjoyed it so much,5
the bhout mast game ha,5
you did not necessarily need Wi-Fi or internet to play the game it is fun for when you're bored and you have nothing to do thank you.,5
"Great game from my childhood, and I absolutely love it and hope that this game always stays alive.",5
this is the best experience that I have ever had in a great way to relax Myself Its good,5
I like this game,5
it is best to play when stressed,5
awesome perfect amazing,5
"I love this game ,it gives me so much joy it is very much enjoyed when releaxing",5
I like this game so much it's very fun to play ☺️😊,4
the best game I ever played best game 🎮 you played without internet and millions of people tried this game,5
it's nice but sometimes when I re enter the game all my data is gone like the game resets itself.,3
"it's too good game ,I am suggesting to play ofcourse. T best game in offline .",5
its so good and I'm so boring but when i play this my boring is gone,5
"Used to be so much better. Why did they change the way you select boosters? It's so annoying how it is now bc when you press it, it automatically gives you three. Also, why is it that I can only claim one prize for the update at a time? I have enough event coins to be able to claim all 30 rewards, but no. I have to wait a whole day just to be able to claim ONE more. And I have like 15 left to claim when there's only 13 days left, so I won't even be able to get the final reward, which sucks.",1
very interesting game and good graphics,5
I realy love this game,5
very good game 🎮🎮🎮🎮 like a this game,5
Maked my childhood still plying,5
thistle is a lovely 😍 app,5
I hit a million,5
it's the funniest game,5
a very good game buh their update is too much try to reduce ur update,5
this game is very fun is a absolute 5 star⭐,5
Why don't you guys make BTS characters 😭🙏,4
it's fun and almost impossible but my highest score is 6634,3
I love this game so much best game for time pass,5
"I actually like this game because at the start, the game is a little slow and after some time,it becomes faster and I am not complaining , I am saying that this feature is so good 👍",5
"This is a game, I have been playing this game for 9 years now. Till now this is the best game I love this game 💗",5
the game is very good to test your reaction time and your speed try it onec,5
"THIS DOES NOT DESERVE 5 STARS!!! IT DESERVES A MILLION!!!! IT HELPED ME FIND THE CURE FOR CANCER, THANKS TO THE DEVELOPER OF THIS GAME!!!!",5
favourite and best game ever🌸,5
this game should continue offline,1
"EDIT : Cool, I noticed alot of changes. Now I get Ads because it's important for me after all. Now how I used to get Ads Now it is back again!! Thank you for fixing the issues and I hope in the next update the Ads glitch doesn't happens and I get Ads because I need it.",4
the best game ever so fun 💯% should play also free,5
it's a really nice game with and very much event I like it graphics and everything else are so good I hope that they make changes in the future and hope that they will make at the best game.,5
this game is best game girl boy all play this game kids also play this game thank you for making this game thank you so much 😁,5
"Hello guys, this is my father's phone and my little brother downloaded this game, I didn't know what kind of game it is but when I played it I love it💕",5
This is beautiful and my favourite game,5
it's super fun and no ads and I'm super happy that they made it more happy,4
this game has good graphics and can make your childhood better it won't show you to connect the wifi to play you can do it anytime if your annoyed from the ads 🫪,5
very nice incredible,5
the game is sooo very good good job,5
My entire childhood 💖🫶,5
past 3weeks I'm getting gold or more than medal but it wasn't updated in seasonal quest still this week also it is showing same,1
Subway surfers is a wonderful game designed for kids and adults ❤️it has many features like character ✨Costume 💌 Really I am glad to play this game 😍 𝐓𝐇𝐀𝐍𝐊 𝐘𝐎𝐔 💙,5
I totally love this new update!!!,5
Because its so god to play when your bord,5
I love this game... and I play this game last 5 years,5
good and bad subway can you please get rid of the timer for the egg thing the timer is so long and I will never get bunny Betty please please I am a really big fan please get rid of the timer.,4
"This is an fun,daring and good game.",5
this is my childhood game,5
it is good and nice because i will playing it all day,5
Played this game after a WHILE ABSOLUTE NOSTALGIA,5
I like this game and I don't mind the ads except the doordash ad ii is every time and long put other ads in besides just that one or I may delete the game,3
This game is classic I love it,5
oh boy the best and coolest game ever,5
it's so good,3
"it's awful and discouraging, I changed device and when logged in with the same play game account all my progress were no more, I have lost characters, boards and my maximum score multiplayer 😭😭 this make me sad enough to quit playing it anymore.",1
this is a very amazing game 🎯👏,5
I wish I had his game to my self alone and I am in love with the admin and the game 🎮🎯,5
"I love this game you can add friends and battle and, runaway from the police Great for long car rides!",5
I love this game but after recent updates we cannot see missions by clicking the pause button while playing. Instead we can only see quests mission. That's why we cannot check the next missions set while running I'm requesting subway surfers that please bring back this option 🙏,3
This game is still fun. I just re-downloaded it to relive the memories I had with this game in my childhood.,5
this game try to steel our data in google drive it's too much unsafe why we let it to see data in our drive it can read and write we aren't stupid to gave you access,1
AMAZING! That was my first response as I started to play the game. So many different things to do at different times of the day and year it's truly a iconic game!,5
always love your games,5
Best game to play at your leisure 💖💖💖,5
The game becomes more fun when you make your first recharge because the ads literally disappear.😊🫢,5
this game is so cool,5
the event want to come by not using internet,5
i would say honestly I think game is good but game music is not good i love the game old music more then new one,5
love the game,5
Love the game,5
My name is shatakshi Choudhary and I am playing this game since 2018 always when I open my mobile I see this game and start playing . I did not get bored while playing this game. I enjoying game and it is very interesting and peaceful for me . I will give 5 star to this game,5
class game good as it gose on forever but a tad to many real money adds would reduce thises but overall I like the game 👍🏻,4
it is fun,5
This game is amazing,5
love this game so nostalgic 🫰🏻🥹,5
Please the hunts gets over early you must wait for at least 1 and half months,5
"I'm playing this game for more than 6 years but now I'm irritated by this bug ""when I try to jump while I'm in any ramp my jumping ability is disabled at that instant once I do roll then only I can able to jump again"" I'm waiting for this issue fix for almost 5 month. but none of the updates get this fixed!",1
Very nice it's so fun.plus it's online.if subway surfers replys hi love your game pls in your reply add an 💕 for me too see if you replied,5
Very amazing unlockibg new characters is fun and tge eastrr update is so good also the events are good too,5
bast game no adds or I love this for my child hod,5
Best game ever in my life No complaints,5
I downloaded because of admin of games insta account told.he is an 🐐.jak🥰,5
"There is way to many ads and hidden ads, and punches for micro transactions. Also, in game currencies missing when changing phones",1
I really love this game 🎮,5
its best,5
This game is so premium,1
best game ever played it since I was 7,5
this game is so nice but subway surfers is there an ending to this game,4
I LOE THE MILLIONS OF CHALLENGES THAT I CAN CHOOSE FROM AND THE STORAGE EFFICIENCY IS TOP NOTCH😄,5
it is so fun and i strongly suggest it! it has so many levels and seasonly challenges and i love it and so do all of my 26 grandchildren,5
it is interesting game 🎮,5
"super fun and when your road trips, you got something to play with and it doesn't need Wi-Fi.",5
amazing love the game it just the only thing I don't like is I can't change my character,5
I love this game,5
"i've been playing the game for about 10 years now. this irish season i was playing and then i decided to update since it was showing on the playstore that it can be updated. so i updated. after that, all my progress from the irish season is GONE. you know those new hoverboard you get after signing in for 20 days? i sighed in for 19 days! it was gone! i was at 24/29 on the floor is lava and it was gone too. i finished the reverse challenge and the soda rush and had finished 16 of the main event.",1
the speed is being increased in less time,4
One of the best runner games ever. Graphics are great and controls are perfect! The childhood game🥹,5
I am big but I always like subway sufers,5
it's a good time with my friends are saying that I have a great time with my phone📱,5
"I have never got so mad over a game until now, not only does the progress not save after dying but the amount of ads is enough to make someone uninterested almost immediately. terrible app",1
It is good,1
this is a good but why easter,5
this is good,5
this game is to interesting and and great,5
good for kids for entertainment purposes,5
Complete 30 missions and claim super mystery,5
update is not gud,4
amazing excellent my favourite game,5
good but not come ad i need ad for reward,5
playing no coin is the most entertaining thing in this app,5
this is a really nice game forsure it doesn't have many ads love it it is so amazing,5
"this game is so so nice . I like this game . not only me my brother ,sister and my friend also like this game.",5
mind-blowing game,5
best to speed up concentration,5
that game is my childhood game and always remember my childhood that the game I played in my childhood,5
this game is so beautiful game,1
Ads......??????,1
I have been playing this game since I was a kiddo,4
I believe that subway surfers is (stop running until you reach your goil) I know it's not on education,4
The best game for me!,5
this is mind blowing game I love this game 😘😘😇,5
best of best,5
it's really fun !! for sure recommend I used to play this when I was younger😭,5
"I love this app so much and can get quite addicting. But one thing I don't like is how you can't recover an old account easily, I would like if it added where you can get your old accounts back. Another issue is sometimes there is a slight lag and it causes me to hit something in-game and I have to restart the run again.",3
Subway surfers is the best game please trying,5
I like this game,5
This is a very very good 😄👍 game 👍 and i love 😘 it ☺️🙂,5
this game is the best,5
it's fun and stress free game i like to play this game and i like it's sound quality too . it's a good game for those people who wants to play games for fun and spend free time without any stress and agitation. i recommended you all to play this game and enjoy your free time and last thing this game is offline so you can play this game anytime and anywhere without any add,5
very good game. my favorite game is subway surfer👍🏼👍🏼👍🏼,5
it is so fun,5
it could be more better because there is no other to do only we should run run run,1
very nice game,5
really fun,5
"complete waste of time in certain games points won wont be added even if you go through support and show there mistake , as long as youbplay the game they dont care if there games are fair or not",1
it's very good game🥳🌜🌛😚😘😇,4
I love It that whenever I want to play something fun I play this and I get so much fun and mad at the same time but I love It,5
